Ticker,Name,Sector,Asset Class,Market Value,Weight (%),Notional Value,Shares,Price,Location,Exchange,Currency,FX Rate,Market Currency,Accrual Date
"MSFT","MICROSOFT CORP","Information Technology","Equity","27,713,543,518.30","7.35","27,713,543,518.30","73,151,758.00","378.85","United States","NASDAQ","USD","1.00","USD","-"
"AAPL","APPLE INC","Information Technology","Equity","27,400,886,658.27","7.27","27,400,886,658.27","144,694,971.00","189.37","United States","NASDAQ","USD","1.00","USD","-"
"AMZN","AMAZON COM INC","Consumer Discretionary","Equity","13,080,393,163.36","3.47","13,080,393,163.36","89,395,798.00","146.32","United States","NASDAQ","USD","1.00","USD","-"
"NVDA","NVIDIA CORP","Information Technology","Equity","11,707,109,794.80","3.11","11,707,109,794.80","24,318,882.00","481.40","United States","NASDAQ","USD","1.00","USD","-"
"GOOGL","ALPHABET INC CLASS A","Communication","Equity","7,885,426,946.03","2.09","7,885,426,946.03","58,414,897.00","134.99","United States","NASDAQ","USD","1.00","USD","-"
"META","META PLATFORMS INC CLASS A","Communication","Equity","7,269,573,792.80","1.93","7,269,573,792.80","21,883,124.00","332.20","United States","NASDAQ","USD","1.00","USD","-"
"GOOG","ALPHABET INC CLASS C","Communication","Equity","6,777,728,276.00","1.80","6,777,728,276.00","49,690,090.00","136.40","United States","NASDAQ","USD","1.00","USD","-"
"TSLA","TESLA INC","Consumer Discretionary","Equity","6,637,622,900.22","1.76","6,637,622,900.22","27,187,773.00","244.14","United States","NASDAQ","USD","1.00","USD","-"
"BRKB","BERKSHIRE HATHAWAY INC CLASS B","Financials","Equity","6,440,499,544.35","1.71","6,440,499,544.35","17,955,615.00","358.69","United States","New York Stock Exchange Inc.","USD","1.00","USD","-"
"UNH","UNITEDHEALTH GROUP INC","Health Care","Equity","4,879,218,752.48","1.29","4,879,218,752.48","9,120,376.00","534.98","United States","New York Stock Exchange Inc.","USD","1.00","USD","-"
"LLY","ELI LILLY","Health Care","Equity","4,646,833,130.82","1.23","4,646,833,130.82","7,851,237.00","591.86","United States","New York Stock Exchange Inc.","USD","1.00","USD","-"
"JPM","JPMORGAN CHASE & CO","Financials","Equity","4,415,468,345.76","1.17","4,415,468,345.76","28,612,418.00","154.32","United States","New York Stock Exchange Inc.","USD","1.00","USD","-"
"XOM","EXXON MOBIL CORP","Energy","Equity","4,076,165,255.26","1.08","4,076,165,255.26","39,829,639.00","102.34","United States","New York Stock Exchange Inc.","USD","1.00","USD","-"
"AVGO","BROADCOM INC","Information Technology","Equity","4,062,859,573.74","1.08","4,062,859,573.74","4,318,378.00","940.83","United States","NASDAQ","USD","1.00","USD","-"
"V","VISA INC CLASS A","Financials","Equity","4,021,883,262.03","1.07","4,021,883,262.03","15,819,861.00","254.23","United States","New York Stock Exchange Inc.","USD","1.00","USD","-"
"JNJ","JOHNSON & JOHNSON","Health Care","Equity","3,606,310,886.92","0.96","3,606,310,886.92","23,708,572.00","152.11","United States","New York Stock Exchange Inc.","USD","1.00","USD","-"
"PG","PROCTER & GAMBLE","Consumer Staples","Equity","3,507,639,493.47","0.93","3,507,639,493.47","23,209,419.00","151.13","United States","New York Stock Exchange Inc.","USD","1.00","USD","-"
"MA","MASTERCARD INC CLASS A","Financials","Equity","3,357,119,215.44","0.89","3,357,119,215.44","8,191,692.00","409.82","United States","New York Stock Exchange Inc.","USD","1.00","USD","-"
"HD","HOME DEPOT INC","Consumer Discretionary","Equity","3,078,730,996.40","0.82","3,078,730,996.40","9,898,820.00","311.02","United States","New York Stock Exchange Inc.","USD","1.00","USD","-"
"ADBE","ADOBE INC","Information Technology","Equity","2,770,690,737.72","0.74","2,770,690,737.72","4,487,748.00","617.39","United States","NASDAQ","USD","1.00","USD","-"
"COST","COSTCO WHOLESALE CORP","Consumer Staples","Equity","2,564,824,362.10","0.68","2,564,824,362.10","4,362,985.00","587.86","United States","NASDAQ","USD","1.00","USD","-"
"MRK","MERCK & CO INC","Health Care","Equity","2,526,630,807.57","0.67","2,526,630,807.57","24,983,989.00","101.13","United States","New York Stock Exchange Inc.","USD","1.00","USD","-"
"CVX","CHEVRON CORP","Energy","Equity","2,513,935,008.00","0.67","2,513,935,008.00","17,468,800.00","143.91","United States","New York Stock Exchange Inc.","USD","1.00","USD","-"
"ABBV","ABBVIE INC","Health Care","Equity","2,406,894,411.50","0.64","2,406,894,411.50","17,378,299.00","138.50","United States","New York Stock Exchange Inc.","USD","1.00","USD","-"
"PEP","PEPSICO INC","Consumer Staples","Equity","2,265,592,027.44","0.60","2,265,592,027.44","13,553,434.00","167.16","United States","NASDAQ","USD","1.00","USD","-"
"KO","COCA-COLA","Consumer Staples","Equity","2,231,317,233.36","0.59","2,231,317,233.36","38,319,032.00","58.23","United States","New York Stock Exchange Inc.","USD","1.00","USD","-"
"CRM","SALESFORCE INC","Information Technology","Equity","2,209,005,131.95","0.59","2,209,005,131.95","9,589,777.00","230.35","United States","New York Stock Exchange Inc.","USD","1.00","USD","-"
"WMT","WALMART INC","Consumer Staples","Equity","2,193,198,388.64","0.58","2,193,198,388.64","14,051,758.00","156.08","United States","New York Stock Exchange Inc.","USD","1.00","USD","-"
"NFLX","NETFLIX INC","Communication","Equity","2,081,968,517.44","0.55","2,081,968,517.44","4,362,976.00","477.19","United States","NASDAQ","USD","1.00","USD","-"
"ACN","ACCENTURE PLC CLASS A","Information Technology","Equity","2,070,222,403.62","0.55","2,070,222,403.62","6,210,543.00","333.34","United States","New York Stock Exchange Inc.","USD","1.00","USD","-"
"BAC","BANK OF AMERICA CORP","Financials","Equity","2,063,117,589.75","0.55","2,063,117,589.75","68,067,225.00","30.31","United States","New York Stock Exchange Inc.","USD","1.00","USD","-"
"MCD","MCDONALDS CORP","Consumer Discretionary","Equity","2,011,825,474.14","0.53","2,011,825,474.14","7,175,353.00","280.38","United States","New York Stock Exchange Inc.","USD","1.00","USD","-"
"LIN","LINDE PLC","Materials","Equity","1,976,389,553.25","0.52","1,976,389,553.25","4,804,175.00","411.39","United States","NASDAQ","USD","1.00","USD","-"
"AMD","ADVANCED MICRO DEVICES INC","Information Technology","Equity","1,970,158,984.70","0.52","1,970,158,984.70","15,907,622.00","123.85","United States","NASDAQ","USD","1.00","USD","-"
"CSCO","CISCO SYSTEMS INC","Information Technology","Equity","1,927,869,451.65","0.51","1,927,869,451.65","40,122,153.00","48.05","United States","NASDAQ","USD","1.00","USD","-"
"TMO","THERMO FISHER SCIENTIFIC INC","Health Care","Equity","1,873,035,863.76","0.50","1,873,035,863.76","3,799,878.00","492.92","United States","New York Stock Exchange Inc.","USD","1.00","USD","-"
"INTC","INTEL CORPORATION CORP","Information Technology","Equity","1,853,055,735.30","0.49","1,853,055,735.30","41,233,995.00","44.94","United States","NASDAQ","USD","1.00","USD","-"
"ORCL","ORACLE CORP","Information Technology","Equity","1,801,239,776.49","0.48","1,801,239,776.49","15,499,869.00","116.21","United States","New York Stock Exchange Inc.","USD","1.00","USD","-"
"ABT","ABBOTT LABORATORIES","Health Care","Equity","1,770,607,982.69","0.47","1,770,607,982.69","17,085,863.00","103.63","United States","New York Stock Exchange Inc.","USD","1.00","USD","-"
"CMCSA","COMCAST CORP CLASS A","Communication","Equity","1,686,934,814.85","0.45","1,686,934,814.85","40,522,095.00","41.63","United States","NASDAQ","USD","1.00","USD","-"
"PFE","PFIZER INC","Health Care","Equity","1,672,113,029.12","0.44","1,672,113,029.12","55,588,864.00","30.08","United States","New York Stock Exchange Inc.","USD","1.00","USD","-"
"DIS","WALT DISNEY","Communication","Equity","1,666,421,910.00","0.44","1,666,421,910.00","18,015,372.00","92.50","United States","New York Stock Exchange Inc.","USD","1.00","USD","-"
"INTU","INTUIT INC","Information Technology","Equity","1,591,642,457.40","0.42","1,591,642,457.40","2,757,380.00","577.23","United States","NASDAQ","USD","1.00","USD","-"
"WFC","WELLS FARGO","Financials","Equity","1,577,100,555.58","0.42","1,577,100,555.58","36,023,311.00","43.78","United States","New York Stock Exchange Inc.","USD","1.00","USD","-"
"VZ","VERIZON COMMUNICATIONS INC","Communication","Equity","1,562,965,922.56","0.41","1,562,965,922.56","41,392,106.00","37.76","United States","New York Stock Exchange Inc.","USD","1.00","USD","-"
"DHR","DANAHER CORP","Health Care","Equity","1,439,701,507.24","0.38","1,439,701,507.24","6,469,987.00","222.52","United States","New York Stock Exchange Inc.","USD","1.00","USD","-"
"PM","PHILIP MORRIS INTERNATIONAL INC","Consumer Staples","Equity","1,431,349,596.80","0.38","1,431,349,596.80","15,284,032.00","93.65","United States","New York Stock Exchange Inc.","USD","1.00","USD","-"
"QCOM","QUALCOMM INC","Information Technology","Equity","1,405,475,463.73","0.37","1,405,475,463.73","10,988,003.00","127.91","United States","NASDAQ","USD","1.00","USD","-"
"AMGN","AMGEN INC","Health Care","Equity","1,404,043,301.40","0.37","1,404,043,301.40","5,266,479.00","266.60","United States","NASDAQ","USD","1.00","USD","-"
"IBM","INTERNATIONAL BUSINESS MACHINES CO","Information Technology","Equity","1,402,899,318.11","0.37","1,402,899,318.11","8,969,371.00","156.41","United States","New York Stock Exchange Inc.","USD","1.00","USD","-"
"TXN","TEXAS INSTRUMENT INC","Information Technology","Equity","1,369,575,674.80","0.36","1,369,575,674.80","8,939,789.00","153.20","United States","NASDAQ","USD","1.00","USD","-"
"NOW","SERVICENOW INC","Information Technology","Equity","1,363,746,323.10","0.36","1,363,746,323.10","2,008,670.00","678.93","United States","New York Stock Exchange Inc.","USD","1.00","USD","-"
"COP","CONOCOPHILLIPS","Energy","Equity","1,343,715,645.54","0.36","1,343,715,645.54","11,790,082.00","113.97","United States","New York Stock Exchange Inc.","USD","1.00","USD","-"
"NKE","NIKE INC CLASS B","Consumer Discretionary","Equity","1,331,271,130.41","0.35","1,331,271,130.41","12,061,893.00","110.37","United States","New York Stock Exchange Inc.","USD","1.00","USD","-"
"UNP","UNION PACIFIC CORP","Industrials","Equity","1,328,987,431.32","0.35","1,328,987,431.32","6,000,756.00","221.47","United States","New York Stock Exchange Inc.","USD","1.00","USD","-"
"SPGI","S&P GLOBAL INC","Financials","Equity","1,328,410,363.52","0.35","1,328,410,363.52","3,203,768.00","414.64","United States","New York Stock Exchange Inc.","USD","1.00","USD","-"
"GE","GENERAL ELECTRIC","Industrials","Equity","1,273,682,246.34","0.34","1,273,682,246.34","10,715,819.00","118.86","United States","New York Stock Exchange Inc.","USD","1.00","USD","-"
"HON","HONEYWELL INTERNATIONAL INC","Industrials","Equity","1,269,912,586.80","0.34","1,269,912,586.80","6,537,180.00","194.26","United States","NASDAQ","USD","1.00","USD","-"
"CAT","CATERPILLAR INC","Industrials","Equity","1,252,892,060.10","0.33","1,252,892,060.10","5,022,618.00","249.45","United States","New York Stock Exchange Inc.","USD","1.00","USD","-"
"BA","BOEING","Industrials","Equity","1,252,895,736.24","0.33","1,252,895,736.24","5,582,568.00","224.43","United States","New York Stock Exchange Inc.","USD","1.00","USD","-"
"AMAT","APPLIED MATERIAL INC","Information Technology","Equity","1,234,906,837.04","0.33","1,234,906,837.04","8,267,989.00","149.36","United States","NASDAQ","USD","1.00","USD","-"
"NEE","NEXTERA ENERGY INC","Utilities","Equity","1,162,819,848.56","0.31","1,162,819,848.56","19,924,946.00","58.36","United States","New York Stock Exchange Inc.","USD","1.00","USD","-"
"RTX","RTX CORP","Industrials","Equity","1,160,059,155.80","0.31","1,160,059,155.80","14,330,564.00","80.95","United States","New York Stock Exchange Inc.","USD","1.00","USD","-"
"LOW","LOWES COMPANIES INC","Consumer Discretionary","Equity","1,153,464,029.76","0.31","1,153,464,029.76","5,769,628.00","199.92","United States","New York Stock Exchange Inc.","USD","1.00","USD","-"
"T","AT&T INC","Communication","Equity","1,147,311,327.40","0.30","1,147,311,327.40","70,387,198.00","16.30","United States","New York Stock Exchange Inc.","USD","1.00","USD","-"
"SBUX","STARBUCKS CORP","Consumer Discretionary","Equity","1,126,032,214.30","0.30","1,126,032,214.30","11,277,238.00","99.85","United States","NASDAQ","USD","1.00","USD","-"
"GS","GOLDMAN SACHS GROUP INC","Financials","Equity","1,104,488,383.38","0.29","1,104,488,383.38","3,246,013.00","340.26","United States","New York Stock Exchange Inc.","USD","1.00","USD","-"
"BKNG","BOOKING HOLDINGS INC","Consumer Discretionary","Equity","1,098,234,414.10","0.29","1,098,234,414.10","351,290.00","3,126.29","United States","NASDAQ","USD","1.00","USD","-"
"UPS","UNITED PARCEL SERVICE INC CLASS B","Industrials","Equity","1,084,459,831.22","0.29","1,084,459,831.22","7,121,018.00","152.29","United States","New York Stock Exchange Inc.","USD","1.00","USD","-"
"ELV","ELEVANCE HEALTH INC","Health Care","Equity","1,079,784,580.56","0.29","1,079,784,580.56","2,320,321.00","465.36","United States","New York Stock Exchange Inc.","USD","1.00","USD","-"
"ISRG","INTUITIVE SURGICAL INC","Health Care","Equity","1,075,085,718.12","0.29","1,075,085,718.12","3,459,537.00","310.76","United States","NASDAQ","USD","1.00","USD","-"
"MDT","MEDTRONIC PLC","Health Care","Equity","1,033,557,455.52","0.27","1,033,557,455.52","13,106,232.00","78.86","United States","New York Stock Exchange Inc.","USD","1.00","USD","-"
"BLK","BLACKROCK INC","Financials","Equity","1,032,711,057.90","0.27","1,032,711,057.90","1,381,923.00","747.30","United States","New York Stock Exchange Inc.","USD","1.00","USD","-"
"PLD","PROLOGIS REIT INC","Real Estate","Equity","1,028,222,013.60","0.27","1,028,222,013.60","9,096,090.00","113.04","United States","New York Stock Exchange Inc.","USD","1.00","USD","-"
"BMY","BRISTOL MYERS SQUIBB","Health Care","Equity","1,002,109,451.28","0.27","1,002,109,451.28","20,568,749.00","48.72","United States","New York Stock Exchange Inc.","USD","1.00","USD","-"
"TJX","TJX INC","Consumer Discretionary","Equity","996,880,661.10","0.26","996,880,661.10","11,315,331.00","88.10","United States","New York Stock Exchange Inc.","USD","1.00","USD","-"
"MS","MORGAN STANLEY","Financials","Equity","986,732,374.90","0.26","986,732,374.90","12,561,838.00","78.55","United States","New York Stock Exchange Inc.","USD","1.00","USD","-"
"LMT","LOCKHEED MARTIN CORP","Industrials","Equity","982,073,878.58","0.26","982,073,878.58","2,206,858.00","445.01","United States","New York Stock Exchange Inc.","USD","1.00","USD","-"
"SYK","STRYKER CORP","Health Care","Equity","979,679,550.35","0.26","979,679,550.35","3,328,055.00","294.37","United States","New York Stock Exchange Inc.","USD","1.00","USD","-"
"DE","DEERE","Industrials","Equity","977,099,561.08","0.26","977,099,561.08","2,684,782.00","363.94","United States","New York Stock Exchange Inc.","USD","1.00","USD","-"
"AXP","AMERICAN EXPRESS","Financials","Equity","959,084,413.53","0.25","959,084,413.53","5,728,271.00","167.43","United States","New York Stock Exchange Inc.","USD","1.00","USD","-"
"MMC","MARSH & MCLENNAN INC","Financials","Equity","954,852,329.31","0.25","954,852,329.31","4,863,507.00","196.33","United States","New York Stock Exchange Inc.","USD","1.00","USD","-"
"AMT","AMERICAN TOWER REIT CORP","Real Estate","Equity","946,290,944.30","0.25","946,290,944.30","4,589,635.00","206.18","United States","New York Stock Exchange Inc.","USD","1.00","USD","-"
"MDLZ","MONDELEZ INTERNATIONAL INC CLASS A","Consumer Staples","Equity","943,483,432.92","0.25","943,483,432.92","13,394,143.00","70.44","United States","NASDAQ","USD","1.00","USD","-"
"PGR","PROGRESSIVE CORP","Financials","Equity","939,368,185.00","0.25","939,368,185.00","5,762,995.00","163.00","United States","New York Stock Exchange Inc.","USD","1.00","USD","-"
"LRCX","LAM RESEARCH CORP","Information Technology","Equity","937,197,553.80","0.25","937,197,553.80","1,312,620.00","713.99","United States","NASDAQ","USD","1.00","USD","-"
"ADP","AUTOMATIC DATA PROCESSING INC","Industrials","Equity","929,572,415.44","0.25","929,572,415.44","4,056,434.00","229.16","United States","NASDAQ","USD","1.00","USD","-"
"GILD","GILEAD SCIENCES INC","Health Care","Equity","922,910,505.96","0.24","922,910,505.96","12,267,852.00","75.23","United States","NASDAQ","USD","1.00","USD","-"
"CB","CHUBB LTD","Financials","Equity","910,223,069.84","0.24","910,223,069.84","4,043,998.00","225.08","United States","New York Stock Exchange Inc.","USD","1.00","USD","-"
"ADI","ANALOG DEVICES INC","Information Technology","Equity","902,003,093.42","0.24","902,003,093.42","4,936,802.00","182.71","United States","NASDAQ","USD","1.00","USD","-"
"VRTX","VERTEX PHARMACEUTICALS INC","Health Care","Equity","891,947,862.00","0.24","891,947,862.00","2,541,162.00","351.00","United States","NASDAQ","USD","1.00","USD","-"
"ETN","EATON PLC","Industrials","Equity","887,045,816.40","0.24","887,045,816.40","3,928,458.00","225.80","United States","New York Stock Exchange Inc.","USD","1.00","USD","-"
"SCHW","CHARLES SCHWAB CORP","Financials","Equity","872,720,562.66","0.23","872,720,562.66","14,640,506.00","59.61","United States","New York Stock Exchange Inc.","USD","1.00","USD","-"
"PANW","PALO ALTO NETWORKS INC","Information Technology","Equity","869,961,747.26","0.23","869,961,747.26","3,011,186.00","288.91","United States","NASDAQ","USD","1.00","USD","-"
"C","CITIGROUP INC","Financials","Equity","867,426,496.50","0.23","867,426,496.50","18,960,142.00","45.75","United States","New York Stock Exchange Inc.","USD","1.00","USD","-"
"REGN","REGENERON PHARMACEUTICALS INC","Health Care","Equity","849,899,245.92","0.23","849,899,245.92","1,051,088.00","808.59","United States","NASDAQ","USD","1.00","USD","-"
"CVS","CVS HEALTH CORP","Health Care","Equity","846,005,759.40","0.22","846,005,759.40","12,645,826.00","66.90","United States","New York Stock Exchange Inc.","USD","1.00","USD","-"
"SNPS","SYNOPSYS INC","Information Technology","Equity","827,713,803.18","0.22","827,713,803.18","1,498,233.00","552.46","United States","NASDAQ","USD","1.00","USD","-"
"MU","MICRON TECHNOLOGY INC","Information Technology","Equity","827,019,975.15","0.22","827,019,975.15","10,783,935.00","76.69","United States","NASDAQ","USD","1.00","USD","-"
"BSX","BOSTON SCIENTIFIC CORP","Health Care","Equity","799,235,070.48","0.21","799,235,070.48","14,416,217.00","55.44","United States","New York Stock Exchange Inc.","USD","1.00","USD","-"
"ZTS","ZOETIS INC CLASS A","Health Care","Equity","796,742,333.87","0.21","796,742,333.87","4,532,353.00","175.79","United States","New York Stock Exchange Inc.","USD","1.00","USD","-"
"BX","BLACKSTONE INC","Financials","Equity","778,239,416.01","0.21","778,239,416.01","6,987,873.00","111.37","United States","New York Stock Exchange Inc.","USD","1.00","USD","-"
"FI","FISERV INC","Financials","Equity","776,455,070.16","0.21","776,455,070.16","6,002,281.00","129.36","United States","New York Stock Exchange Inc.","USD","1.00","USD","-"
"CI","CIGNA","Health Care","Equity","766,092,818.67","0.20","766,092,818.67","2,914,341.00","262.87","United States","New York Stock Exchange Inc.","USD","1.00","USD","-"
"TMUS","T MOBILE US INC","Communication","Equity","762,206,848.95","0.20","762,206,848.95","5,096,669.00","149.55","United States","NASDAQ","USD","1.00","USD","-"
"CME","CME GROUP INC CLASS A","Financials","Equity","760,995,506.00","0.20","760,995,506.00","3,542,150.00","214.84","United States","NASDAQ","USD","1.00","USD","-"
"SO","SOUTHERN","Utilities","Equity","754,093,009.71","0.20","754,093,009.71","10,737,477.00","70.23","United States","New York Stock Exchange Inc.","USD","1.00","USD","-"
"EQIX","EQUINIX REIT INC","Real Estate","Equity","744,696,003.00","0.20","744,696,003.00","921,300.00","808.31","United States","NASDAQ","USD","1.00","USD","-"
"XTSLA","BLK CSH FND TREASURY SL AGENCY","Cash and/or Derivatives","Money Market","743,754,316.30","0.20","743,754,316.30","743,754,316.00","1.00","United States","-","USD","1.00","USD","-"
"CDNS","CADENCE DESIGN SYSTEMS INC","Information Technology","Equity","736,441,869.67","0.20","736,441,869.67","2,675,927.00","275.21","United States","NASDAQ","USD","1.00","USD","-"
"KLAC","KLA CORP","Information Technology","Equity","732,483,617.28","0.19","732,483,617.28","1,346,304.00","544.07","United States","NASDAQ","USD","1.00","USD","-"
"MO","ALTRIA GROUP INC","Consumer Staples","Equity","729,654,940.80","0.19","729,654,940.80","17,472,580.00","41.76","United States","New York Stock Exchange Inc.","USD","1.00","USD","-"
"SLB","SCHLUMBERGER NV","Energy","Equity","725,805,135.51","0.19","725,805,135.51","13,992,773.00","51.87","United States","New York Stock Exchange Inc.","USD","1.00","USD","-"
"EOG","EOG RESOURCES INC","Energy","Equity","706,493,881.08","0.19","706,493,881.08","5,732,667.00","123.24","United States","New York Stock Exchange Inc.","USD","1.00","USD","-"
"DUK","DUKE ENERGY CORP","Utilities","Equity","688,336,960.75","0.18","688,336,960.75","7,588,325.00","90.71","United States","New York Stock Exchange Inc.","USD","1.00","USD","-"
"BDX","BECTON DICKINSON","Health Care","Equity","673,206,767.87","0.18","673,206,767.87","2,856,323.00","235.69","United States","New York Stock Exchange Inc.","USD","1.00","USD","-"
"NOC","NORTHROP GRUMMAN CORP","Industrials","Equity","654,539,930.55","0.17","654,539,930.55","1,400,355.00","467.41","United States","New York Stock Exchange Inc.","USD","1.00","USD","-"
"ITW","ILLINOIS TOOL INC","Industrials","Equity","652,467,714.18","0.17","652,467,714.18","2,709,246.00","240.83","United States","New York Stock Exchange Inc.","USD","1.00","USD","-"
"AON","AON PLC CLASS A","Financials","Equity","643,354,809.60","0.17","643,354,809.60","1,997,376.00","322.10","United States","New York Stock Exchange Inc.","USD","1.00","USD","-"
"SHW","SHERWIN WILLIAMS","Materials","Equity","637,557,109.32","0.17","637,557,109.32","2,329,231.00","273.72","United States","New York Stock Exchange Inc.","USD","1.00","USD","-"
"ICE","INTERCONTINENTAL EXCHANGE INC","Financials","Equity","635,001,613.98","0.17","635,001,613.98","5,634,942.00","112.69","United States","New York Stock Exchange Inc.","USD","1.00","USD","-"
"CL","COLGATE-PALMOLIVE","Consumer Staples","Equity","633,893,434.68","0.17","633,893,434.68","8,139,361.00","77.88","United States","New York Stock Exchange Inc.","USD","1.00","USD","-"
"CSX","CSX CORP","Industrials","Equity","626,792,706.58","0.17","626,792,706.58","19,753,946.00","31.73","United States","NASDAQ","USD","1.00","USD","-"
"PYPL","PAYPAL HOLDINGS INC","Financials","Equity","626,714,887.37","0.17","626,714,887.37","10,811,021.00","57.97","United States","NASDAQ","USD","1.00","USD","-"
"WM","WASTE MANAGEMENT INC","Industrials","Equity","616,027,027.86","0.16","616,027,027.86","3,629,239.00","169.74","United States","New York Stock Exchange Inc.","USD","1.00","USD","-"
"MCK","MCKESSON CORP","Health Care","Equity","606,503,080.40","0.16","606,503,080.40","1,328,012.00","456.70","United States","New York Stock Exchange Inc.","USD","1.00","USD","-"
"TGT","TARGET CORP","Consumer Staples","Equity","596,753,930.36","0.16","596,753,930.36","4,544,273.00","131.32","United States","New York Stock Exchange Inc.","USD","1.00","USD","-"
"CMG","CHIPOTLE MEXICAN GRILL INC","Consumer Discretionary","Equity","594,187,938.19","0.16","594,187,938.19","271,429.00","2,189.11","United States","New York Stock Exchange Inc.","USD","1.00","USD","-"
"HUM","HUMANA INC","Health Care","Equity","588,538,752.77","0.16","588,538,752.77","1,219,997.00","482.41","United States","New York Stock Exchange Inc.","USD","1.00","USD","-"
"APD","AIR PRODUCTS AND CHEMICALS INC","Materials","Equity","582,907,945.28","0.15","582,907,945.28","2,187,436.00","266.48","United States","New York Stock Exchange Inc.","USD","1.00","USD","-"
"MPC","MARATHON PETROLEUM CORP","Energy","Equity","580,389,739.02","0.15","580,389,739.02","3,936,981.00","147.42","United States","New York Stock Exchange Inc.","USD","1.00","USD","-"
"USB","US BANCORP","Financials","Equity","579,306,490.96","0.15","579,306,490.96","15,329,624.00","37.79","United States","New York Stock Exchange Inc.","USD","1.00","USD","-"
"ORLY","OREILLY AUTOMOTIVE INC","Consumer Discretionary","Equity","579,193,352.54","0.15","579,193,352.54","594,691.00","973.94","United States","NASDAQ","USD","1.00","USD","Jan 01, 1970"
"FDX","FEDEX CORP","Industrials","Equity","578,501,548.49","0.15","578,501,548.49","2,278,193.00","253.93","United States","New York Stock Exchange Inc.","USD","1.00","USD","-"
"MCO","MOODYS CORP","Financials","Equity","562,269,578.67","0.15","562,269,578.67","1,553,703.00","361.89","United States","New York Stock Exchange Inc.","USD","1.00","USD","-"
"ROP","ROPER TECHNOLOGIES INC","Information Technology","Equity","552,542,164.00","0.15","552,542,164.00","1,050,800.00","525.83","United States","NASDAQ","USD","1.00","USD","-"
"GD","GENERAL DYNAMICS CORP","Industrials","Equity","546,270,816.75","0.14","546,270,816.75","2,231,225.00","244.83","United States","New York Stock Exchange Inc.","USD","1.00","USD","-"
"ANET","ARISTA NETWORKS INC","Information Technology","Equity","541,475,823.00","0.14","541,475,823.00","2,469,110.00","219.30","United States","New York Stock Exchange Inc.","USD","1.00","USD","-"
"PH","PARKER-HANNIFIN CORP","Industrials","Equity","540,799,874.44","0.14","540,799,874.44","1,263,374.00","428.06","United States","New York Stock Exchange Inc.","USD","1.00","USD","-"
"PSX","PHILLIPS","Energy","Equity","535,857,212.52","0.14","535,857,212.52","4,384,366.00","122.22","United States","New York Stock Exchange Inc.","USD","1.00","USD","-"
"MMM","3M","Industrials","Equity","535,151,954.90","0.14","535,151,954.90","5,434,670.00","98.47","United States","New York Stock Exchange Inc.","USD","1.00","USD","-"
"ABNB","AIRBNB INC CLASS A","Consumer Discretionary","Equity","530,923,957.68","0.14","530,923,957.68","4,197,691.00","126.48","United States","NASDAQ","USD","1.00","USD","-"
"APH","AMPHENOL CORP CLASS A","Information Technology","Equity","529,594,404.66","0.14","529,594,404.66","5,872,637.00","90.18","United States","New York Stock Exchange Inc.","USD","1.00","USD","-"
"PXD","PIONEER NATURAL RESOURCE","Energy","Equity","527,671,609.36","0.14","527,671,609.36","2,295,422.00","229.88","United States","New York Stock Exchange Inc.","USD","1.00","USD","-"
"MSI","MOTOROLA SOLUTIONS INC","Information Technology","Equity","524,692,864.96","0.14","524,692,864.96","1,644,599.00","319.04","United States","New York Stock Exchange Inc.","USD","1.00","USD","-"
"FCX","FREEPORT MCMORAN INC","Materials","Equity","524,660,868.90","0.14","524,660,868.90","14,115,170.00","37.17","United States","New York Stock Exchange Inc.","USD","1.00","USD","-"
"AJG","ARTHUR J GALLAGHER","Financials","Equity","519,935,870.28","0.14","519,935,870.28","2,122,014.00","245.02","United States","New York Stock Exchange Inc.","USD","1.00","USD","-"
"PNC","PNC FINANCIAL SERVICES GROUP INC","Financials","Equity","519,103,414.94","0.14","519,103,414.94","3,921,313.00","132.38","United States","New York Stock Exchange Inc.","USD","1.00","USD","-"
"NXPI","NXP SEMICONDUCTORS NV","Information Technology","Equity","518,661,464.16","0.14","518,661,464.16","2,538,352.00","204.33","United States","NASDAQ","USD","1.00","USD","-"
"TDG","TRANSDIGM GROUP INC","Industrials","Equity","517,718,558.28","0.14","517,718,558.28","543,354.00","952.82","United States","New York Stock Exchange Inc.","USD","1.00","USD","-"
"TT","TRANE TECHNOLOGIES PLC","Industrials","Equity","500,616,949.50","0.13","500,616,949.50","2,248,650.00","222.63","United States","New York Stock Exchange Inc.","USD","1.00","USD","-"
"MAR","MARRIOTT INTERNATIONAL INC CLASS A","Consumer Discretionary","Equity","499,394,444.72","0.13","499,394,444.72","2,466,389.00","202.48","United States","NASDAQ","USD","1.00","USD","-"
"LULU","LULULEMON ATHLETICA INC","Consumer Discretionary","Equity","499,047,886.15","0.13","499,047,886.15","1,138,469.00","438.35","United States","NASDAQ","USD","1.00","USD","-"
"EMR","EMERSON ELECTRIC","Industrials","Equity","496,911,274.07","0.13","496,911,274.07","5,626,897.00","88.31","United States","New York Stock Exchange Inc.","USD","1.00","USD","-"
"CCI","CROWN CASTLE INC","Real Estate","Equity","495,238,543.32","0.13","495,238,543.32","4,270,034.00","115.98","United States","New York Stock Exchange Inc.","USD","1.00","USD","-"
"HCA","HCA HEALTHCARE INC","Health Care","Equity","493,587,638.44","0.13","493,587,638.44","1,981,643.00","249.08","United States","New York Stock Exchange Inc.","USD","1.00","USD","-"
"NSC","NORFOLK SOUTHERN CORP","Industrials","Equity","480,694,766.64","0.13","480,694,766.64","2,234,958.00","215.08","United States","New York Stock Exchange Inc.","USD","1.00","USD","-"
"WELL","WELLTOWER INC","Real Estate","Equity","480,579,926.40","0.13","480,579,926.40","5,448,752.00","88.20","United States","New York Stock Exchange Inc.","USD","1.00","USD","-"
"ECL","ECOLAB INC","Materials","Equity","471,110,592.94","0.13","471,110,592.94","2,497,538.00","188.63","United States","New York Stock Exchange Inc.","USD","1.00","USD","-"
"PCAR","PACCAR INC","Industrials","Equity","470,016,124.87","0.12","470,016,124.87","5,147,477.00","91.31","United States","NASDAQ","USD","1.00","USD","-"
"CTAS","CINTAS CORP","Industrials","Equity","467,621,785.68","0.12","467,621,785.68","851,646.00","549.08","United States","NASDAQ","USD","1.00","USD","-"
"AZO","AUTOZONE INC","Consumer Discretionary","Equity","464,341,672.83","0.12","464,341,672.83","178,833.00","2,596.51","United States","New York Stock Exchange Inc.","USD","1.00","USD","-"
"NEM","NEWMONT","Materials","Equity","457,860,865.14","0.12","457,860,865.14","11,338,803.00","40.38","United States","New York Stock Exchange Inc.","USD","1.00","USD","-"
"AIG","AMERICAN INTERNATIONAL GROUP INC","Financials","Equity","454,416,095.67","0.12","454,416,095.67","7,009,349.00","64.83","United States","New York Stock Exchange Inc.","USD","1.00","USD","-"
"SRE","SEMPRA","Utilities","Equity","451,986,819.80","0.12","451,986,819.80","6,195,844.00","72.95","United States","New York Stock Exchange Inc.","USD","1.00","USD","-"
"ADSK","AUTODESK INC","Information Technology","Equity","449,958,791.10","0.12","449,958,791.10","2,104,086.00","213.85","United States","NASDAQ","USD","1.00","USD","-"
"MCHP","MICROCHIP TECHNOLOGY INC","Information Technology","Equity","444,732,471.72","0.12","444,732,471.72","5,359,514.00","82.98","United States","NASDAQ","USD","1.00","USD","-"
"DXCM","DEXCOM INC","Health Care","Equity","443,661,097.02","0.12","443,661,097.02","3,818,739.00","116.18","United States","NASDAQ","USD","1.00","USD","-"
"WMB","WILLIAMS INC","Energy","Equity","436,433,389.48","0.12","436,433,389.48","11,976,767.00","36.44","United States","New York Stock Exchange Inc.","USD","1.00","USD","-"
"AFL","AFLAC INC","Financials","Equity","434,466,205.92","0.12","434,466,205.92","5,322,384.00","81.63","United States","New York Stock Exchange Inc.","USD","1.00","USD","-"
"ROST","ROSS STORES INC","Consumer Discretionary","Equity","433,328,014.40","0.11","433,328,014.40","3,353,932.00","129.20","United States","NASDAQ","USD","1.00","USD","-"
"VLO","VALERO ENERGY CORP","Energy","Equity","431,428,269.36","0.11","431,428,269.36","3,477,017.00","124.08","United States","New York Stock Exchange Inc.","USD","1.00","USD","-"
"CARR","CARRIER GLOBAL CORP","Industrials","Equity","430,588,348.19","0.11","430,588,348.19","8,247,239.00","52.21","United States","New York Stock Exchange Inc.","USD","1.00","USD","-"
"CPRT","COPART INC","Industrials","Equity","429,644,504.34","0.11","429,644,504.34","8,555,247.00","50.22","United States","NASDAQ","USD","1.00","USD","-"
"HLT","HILTON WORLDWIDE HOLDINGS INC","Consumer Discretionary","Equity","429,117,501.28","0.11","429,117,501.28","2,574,808.00","166.66","United States","New York Stock Exchange Inc.","USD","1.00","USD","-"
"GM","GENERAL MOTORS","Consumer Discretionary","Equity","428,083,683.20","0.11","428,083,683.20","13,546,952.00","31.60","United States","New York Stock Exchange Inc.","USD","1.00","USD","-"
"TFC","TRUIST FINANCIAL CORP","Financials","Equity","421,369,656.12","0.11","421,369,656.12","13,114,524.00","32.13","United States","New York Stock Exchange Inc.","USD","1.00","USD","-"
"COF","CAPITAL ONE FINANCIAL CORP","Financials","Equity","413,624,051.40","0.11","413,624,051.40","3,755,780.00","110.13","United States","New York Stock Exchange Inc.","USD","1.00","USD","-"
"DLR","DIGITAL REALTY TRUST REIT INC","Real Estate","Equity","411,917,123.40","0.11","411,917,123.40","2,980,587.00","138.20","United States","New York Stock Exchange Inc.","USD","1.00","USD","-"
"MSCI","MSCI INC","Financials","Equity","409,995,827.12","0.11","409,995,827.12","778,616.00","526.57","United States","New York Stock Exchange Inc.","USD","1.00","USD","-"
"F","FORD MOTOR CO","Consumer Discretionary","Equity","409,910,825.91","0.11","409,910,825.91","38,707,349.00","10.59","United States","New York Stock Exchange Inc.","USD","1.00","USD","-"
"KMB","KIMBERLY CLARK CORP","Consumer Staples","Equity","405,470,476.62","0.11","405,470,476.62","3,329,806.00","121.77","United States","New York Stock Exchange Inc.","USD","1.00","USD","-"
"EW","EDWARDS LIFESCIENCES CORP","Health Care","Equity","403,606,243.37","0.11","403,606,243.37","5,985,559.00","67.43","United States","New York Stock Exchange Inc.","USD","1.00","USD","-"
"TEL","TE CONNECTIVITY LTD","Information Technology","Equity","403,140,217.65","0.11","403,140,217.65","3,090,855.00","130.43","United States","New York Stock Exchange Inc.","USD","1.00","USD","-"
"PSA","PUBLIC STORAGE REIT","Real Estate","Equity","401,778,541.50","0.11","401,778,541.50","1,557,885.00","257.90","United States","New York Stock Exchange Inc.","USD","1.00","USD","-"
"AEP","AMERICAN ELECTRIC POWER INC","Utilities","Equity","401,792,025.77","0.11","401,792,025.77","5,072,171.00","79.22","United States","NASDAQ","USD","1.00","USD","-"
"NUE","NUCOR CORP","Materials","Equity","401,048,413.56","0.11","401,048,413.56","2,448,702.00","163.78","United States","New York Stock Exchange Inc.","USD","1.00","USD","-"
"MNST","MONSTER BEVERAGE CORP","Consumer Staples","Equity","400,631,536.91","0.11","400,631,536.91","7,322,821.00","54.71","United States","NASDAQ","USD","1.00","USD","-"
"TRV","TRAVELERS COMPANIES INC","Financials","Equity","400,002,282.24","0.11","400,002,282.24","2,254,296.00","177.44","United States","New York Stock Exchange Inc.","USD","1.00","USD","-"
"CHTR","CHARTER COMMUNICATIONS INC CLASS A","Communication","Equity","399,773,591.00","0.11","399,773,591.00","1,002,190.00","398.90","United States","NASDAQ","USD","1.00","USD","-"
"SPG","SIMON PROPERTY GROUP REIT INC","Real Estate","Equity","395,455,626.72","0.10","395,455,626.72","3,221,372.00","122.76","United States","New York Stock Exchange Inc.","USD","1.00","USD","-"
"OXY","OCCIDENTAL PETROLEUM CORP","Energy","Equity","394,127,986.77","0.10","394,127,986.77","6,532,869.00","60.33","United States","New York Stock Exchange Inc.","USD","1.00","USD","-"
"MET","METLIFE INC","Financials","Equity","392,832,209.76","0.10","392,832,209.76","6,219,636.00","63.16","United States","New York Stock Exchange Inc.","USD","1.00","USD","-"
"OKE","ONEOK INC","Energy","Equity","386,307,244.68","0.10","386,307,244.68","5,732,412.00","67.39","United States","New York Stock Exchange Inc.","USD","1.00","USD","-"
"ADM","ARCHER DANIELS MIDLAND","Consumer Staples","Equity","386,327,998.94","0.10","386,327,998.94","5,278,426.00","73.19","United States","New York Stock Exchange Inc.","USD","1.00","USD","-"
"IQV","IQVIA HOLDINGS INC","Health Care","Equity","385,472,917.56","0.10","385,472,917.56","1,802,876.00","213.81","United States","New York Stock Exchange Inc.","USD","1.00","USD","-"
"D","DOMINION ENERGY INC","Utilities","Equity","384,990,292.03","0.10","384,990,292.03","8,238,611.00","46.73","United States","New York Stock Exchange Inc.","USD","1.00","USD","-"
"PAYX","PAYCHEX INC","Industrials","Equity","382,736,110.80","0.10","382,736,110.80","3,159,192.00","121.15","United States","NASDAQ","USD","1.00","USD","-"
"CEG","CONSTELLATION ENERGY CORP","Utilities","Equity","381,803,547.36","0.10","381,803,547.36","3,166,392.00","120.58","United States","NASDAQ","USD","1.00","USD","-"
"IDXX","IDEXX LABORATORIES INC","Health Care","Equity","381,571,151.76","0.10","381,571,151.76","817,524.00","466.74","United States","NASDAQ","USD","1.00","USD","-"
"DHI","D R HORTON INC","Consumer Discretionary","Equity","381,509,954.28","0.10","381,509,954.28","2,997,878.00","127.26","United States","New York Stock Exchange Inc.","USD","1.00","USD","-"
"HES","HESS CORP","Energy","Equity","379,730,618.28","0.10","379,730,618.28","2,720,913.00","139.56","United States","New York Stock Exchange Inc.","USD","1.00","USD","-"
"STZ","CONSTELLATION BRANDS INC CLASS A","Consumer Staples","Equity","377,882,684.20","0.10","377,882,684.20","1,588,076.00","237.95","United States","New York Stock Exchange Inc.","USD","1.00","USD","-"
"EXC","EXELON CORP","Utilities","Equity","376,177,505.99","0.10","376,177,505.99","9,798,841.00","38.39","United States","NASDAQ","USD","1.00","USD","-"
"CNC","CENTENE CORP","Health Care","Equity","375,748,402.96","0.10","375,748,402.96","5,331,277.00","70.48","United States","New York Stock Exchange Inc.","USD","1.00","USD","-"
"O","REALTY INCOME REIT CORP","Real Estate","Equity","374,544,038.16","0.10","374,544,038.16","6,978,648.00","53.67","United States","New York Stock Exchange Inc.","USD","1.00","USD","-"
"A","AGILENT TECHNOLOGIES INC","Health Care","Equity","371,047,030.80","0.10","371,047,030.80","2,908,120.00","127.59","United States","New York Stock Exchange Inc.","USD","1.00","USD","-"
"BK","BANK OF NEW YORK MELLON CORP","Financials","Equity","364,608,597.45","0.10","364,608,597.45","7,667,899.00","47.55","United States","New York Stock Exchange Inc.","USD","1.00","USD","-"
"GIS","GENERAL MILLS INC","Consumer Staples","Equity","360,615,226.73","0.10","360,615,226.73","5,761,547.00","62.59","United States","New York Stock Exchange Inc.","USD","1.00","USD","-"
"SYY","SYSCO CORP","Consumer Staples","Equity","356,619,925.35","0.09","356,619,925.35","4,973,085.00","71.71","United States","New York Stock Exchange Inc.","USD","1.00","USD","-"
"DOW","DOW INC","Materials","Equity","355,313,702.85","0.09","355,313,702.85","6,922,145.00","51.33","United States","New York Stock Exchange Inc.","USD","1.00","USD","-"
"PCG","PG&E CORP","Utilities","Equity","353,524,822.77","0.09","353,524,822.77","20,589,681.00","17.17","United States","New York Stock Exchange Inc.","USD","1.00","USD","-"
"JCI","JOHNSON CONTROLS INTERNATIONAL PLC","Industrials","Equity","353,404,998.76","0.09","353,404,998.76","6,698,351.00","52.76","United States","New York Stock Exchange Inc.","USD","1.00","USD","-"
"AMP","AMERIPRISE FINANCE INC","Financials","Equity","351,951,242.30","0.09","351,951,242.30","1,010,338.00","348.35","United States","New York Stock Exchange Inc.","USD","1.00","USD","-"
"LHX","L3HARRIS TECHNOLOGIES INC","Industrials","Equity","351,329,632.42","0.09","351,329,632.42","1,862,237.00","188.66","United States","New York Stock Exchange Inc.","USD","1.00","USD","-"
"ALL","ALLSTATE CORP","Financials","Equity","348,938,642.67","0.09","348,938,642.67","2,575,383.00","135.49","United States","New York Stock Exchange Inc.","USD","1.00","USD","-"
"CTSH","COGNIZANT TECHNOLOGY SOLUTIONS COR","Information Technology","Equity","348,664,968.48","0.09","348,664,968.48","4,972,404.00","70.12","United States","NASDAQ","USD","1.00","USD","-"
"AME","AMETEK INC","Industrials","Equity","347,297,343.12","0.09","347,297,343.12","2,271,699.00","152.88","United States","New York Stock Exchange Inc.","USD","1.00","USD","-"
"YUM","YUM BRANDS INC","Consumer Discretionary","Equity","346,288,216.08","0.09","346,288,216.08","2,758,829.00","125.52","United States","New York Stock Exchange Inc.","USD","1.00","USD","-"
"PRU","PRUDENTIAL FINANCIAL INC","Financials","Equity","345,268,975.80","0.09","345,268,975.80","3,574,213.00","96.60","United States","New York Stock Exchange Inc.","USD","1.00","USD","-"
"FTNT","FORTINET INC","Information Technology","Equity","343,996,224.00","0.09","343,996,224.00","6,417,840.00","53.60","United States","NASDAQ","USD","1.00","USD","-"
"OTIS","OTIS WORLDWIDE CORP","Industrials","Equity","341,883,349.29","0.09","341,883,349.29","4,054,113.00","84.33","United States","New York Stock Exchange Inc.","USD","1.00","USD","-"
"KVUE","KENVUE INC","Consumer Staples","Equity","340,722,038.32","0.09","340,722,038.32","16,968,229.00","20.08","United States","New York Stock Exchange Inc.","USD","1.00","USD","-"
"VRSK","VERISK ANALYTICS INC","Industrials","Equity","340,261,965.12","0.09","340,261,965.12","1,428,112.00","238.26","United States","NASDAQ","USD","1.00","USD","-"
"GWW","WW GRAINGER INC","Industrials","Equity","340,016,730.29","0.09","340,016,730.29","438,341.00","775.69","United States","New York Stock Exchange Inc.","USD","1.00","USD","-"
"FIS","FIDELITY NATIONAL INFORMATION SERV","Financials","Equity","339,369,525.28","0.09","339,369,525.28","5,833,096.00","58.18","United States","New York Stock Exchange Inc.","USD","1.00","USD","-"
"ODFL","OLD DOMINION FREIGHT LINE INC","Industrials","Equity","338,603,629.17","0.09","338,603,629.17","881,987.00","383.91","United States","NASDAQ","USD","1.00","USD","-"
"CSGP","COSTAR GROUP INC","Real Estate","Equity","337,486,897.62","0.09","337,486,897.62","4,020,573.00","83.94","United States","NASDAQ","USD","1.00","USD","-"
"FAST","FASTENAL","Industrials","Equity","335,492,593.80","0.09","335,492,593.80","5,625,295.00","59.64","United States","NASDAQ","USD","1.00","USD","-"
"IT","GARTNER INC","Information Technology","Equity","333,809,250.08","0.09","333,809,250.08","776,084.00","430.12","United States","New York Stock Exchange Inc.","USD","1.00","USD","-"
"EA","ELECTRONIC ARTS INC","Communication","Equity","333,285,972.12","0.09","333,285,972.12","2,427,252.00","137.31","United States","NASDAQ","USD","1.00","USD","-"
"BKR","BAKER HUGHES CLASS A","Energy","Equity","331,423,038.02","0.09","331,423,038.02","9,940,703.00","33.34","United States","NASDAQ","USD","1.00","USD","-"
"BIIB","BIOGEN INC","Health Care","Equity","330,854,207.62","0.09","330,854,207.62","1,425,727.00","232.06","United States","NASDAQ","USD","1.00","USD","-"
"KMI","KINDER MORGAN INC","Energy","Equity","330,567,961.20","0.09","330,567,961.20","19,085,910.00","17.32","United States","New York Stock Exchange Inc.","USD","1.00","USD","-"
"HAL","HALLIBURTON","Energy","Equity","329,988,549.40","0.09","329,988,549.40","8,846,878.00","37.30","United States","New York Stock Exchange Inc.","USD","1.00","USD","-"
"COR","CENCORA INC","Health Care","Equity","327,449,430.72","0.09","327,449,430.72","1,641,186.00","199.52","United States","New York Stock Exchange Inc.","USD","1.00","USD","-"
"XEL","XCEL ENERGY INC","Utilities","Equity","325,816,080.00","0.09","325,816,080.00","5,430,268.00","60.00","United States","NASDAQ","USD","1.00","USD","-"
"RSG","REPUBLIC SERVICES INC","Industrials","Equity","323,787,401.01","0.09","323,787,401.01","2,024,557.00","159.93","United States","New York Stock Exchange Inc.","USD","1.00","USD","-"
"PPG","PPG INDUSTRIES INC","Materials","Equity","323,560,350.90","0.09","323,560,350.90","2,318,598.00","139.55","United States","New York Stock Exchange Inc.","USD","1.00","USD","-"
"DD","DUPONT DE NEMOURS INC","Materials","Equity","322,900,155.76","0.09","322,900,155.76","4,519,879.00","71.44","United States","New York Stock Exchange Inc.","USD","1.00","USD","-"
"URI","UNITED RENTALS INC","Industrials","Equity","320,216,995.08","0.08","320,216,995.08","672,414.00","476.22","United States","New York Stock Exchange Inc.","USD","1.00","USD","-"
"CTVA","CORTEVA INC","Materials","Equity","317,954,364.00","0.08","317,954,364.00","6,988,008.00","45.50","United States","New York Stock Exchange Inc.","USD","1.00","USD","-"
"LEN","LENNAR A CORP","Consumer Discretionary","Equity","315,383,727.96","0.08","315,383,727.96","2,486,469.00","126.84","United States","New York Stock Exchange Inc.","USD","1.00","USD","-"
"KDP","KEURIG DR PEPPER INC","Consumer Staples","Equity","314,287,490.34","0.08","314,287,490.34","9,905,058.00","31.73","United States","NASDAQ","USD","1.00","USD","-"
"CMI","CUMMINS INC","Industrials","Equity","312,278,567.40","0.08","312,278,567.40","1,394,412.00","223.95","United States","New York Stock Exchange Inc.","USD","1.00","USD","-"
"PEG","PUBLIC SERVICE ENTERPRISE GROUP IN","Utilities","Equity","311,022,819.21","0.08","311,022,819.21","4,914,249.00","63.29","United States","New York Stock Exchange Inc.","USD","1.00","USD","-"
"ROK","ROCKWELL AUTOMATION INC","Industrials","Equity","306,028,522.08","0.08","306,028,522.08","1,131,093.00","270.56","United States","New York Stock Exchange Inc.","USD","1.00","USD","-"
"ED","CONSOLIDATED EDISON INC","Utilities","Equity","305,449,551.12","0.08","305,449,551.12","3,396,148.00","89.94","United States","New York Stock Exchange Inc.","USD","1.00","USD","-"
"ON","ON SEMICONDUCTOR CORP","Information Technology","Equity","304,281,723.96","0.08","304,281,723.96","4,248,558.00","71.62","United States","NASDAQ","USD","1.00","USD","-"
"ACGL","ARCH CAPITAL GROUP LTD","Financials","Equity","302,484,202.08","0.08","302,484,202.08","3,671,816.00","82.38","United States","NASDAQ","USD","1.00","USD","-"
"GPN","GLOBAL PAYMENTS INC","Financials","Equity","297,858,560.72","0.08","297,858,560.72","2,559,802.00","116.36","United States","New York Stock Exchange Inc.","USD","1.00","USD","-"
"VICI","VICI PPTYS INC","Real Estate","Equity","295,553,750.84","0.08","295,553,750.84","9,978,182.00","29.62","United States","New York Stock Exchange Inc.","USD","1.00","USD","-"
"EL","ESTEE LAUDER INC CLASS A","Consumer Staples","Equity","286,721,312.80","0.08","286,721,312.80","2,282,813.00","125.60","United States","New York Stock Exchange Inc.","USD","1.00","USD","-"
"KR","KROGER","Consumer Staples","Equity","283,723,976.24","0.08","283,723,976.24","6,501,466.00","43.64","United States","New York Stock Exchange Inc.","USD","1.00","USD","-"
"DVN","DEVON ENERGY CORP","Energy","Equity","283,107,707.52","0.08","283,107,707.52","6,308,104.00","44.88","United States","New York Stock Exchange Inc.","USD","1.00","USD","-"
"MLM","MARTIN MARIETTA MATERIALS INC","Materials","Equity","281,601,282.45","0.07","281,601,282.45","608,565.00","462.73","United States","New York Stock Exchange Inc.","USD","1.00","USD","-"
"CDW","CDW CORP","Information Technology","Equity","279,921,047.98","0.07","279,921,047.98","1,319,822.00","212.09","United States","NASDAQ","USD","1.00","USD","-"
"DG","DOLLAR GENERAL CORP","Consumer Staples","Equity","278,335,563.12","0.07","278,335,563.12","2,159,649.00","128.88","United States","New York Stock Exchange Inc.","USD","1.00","USD","-"
"VMC","VULCAN MATERIALS","Materials","Equity","278,197,775.44","0.07","278,197,775.44","1,308,058.00","212.68","United States","New York Stock Exchange Inc.","USD","1.00","USD","-"
"IR","INGERSOLL RAND INC","Industrials","Equity","277,113,861.60","0.07","277,113,861.60","3,981,521.00","69.60","United States","New York Stock Exchange Inc.","USD","1.00","USD","-"
"USD","USD CASH","Cash and/or Derivatives","Cash","276,806,019.28","0.07","276,806,019.28","276,806,019.00","100.00","United States","-","USD","1.00","USD","-"
"KHC","KRAFT HEINZ","Consumer Staples","Equity","275,752,408.84","0.07","275,752,408.84","7,860,673.00","35.08","United States","NASDAQ","USD","1.00","USD","-"
"HSY","HERSHEY FOODS","Consumer Staples","Equity","273,985,472.92","0.07","273,985,472.92","1,475,261.00","185.72","United States","New York Stock Exchange Inc.","USD","1.00","USD","-"
"FANG","DIAMONDBACK ENERGY INC","Energy","Equity","270,784,665.97","0.07","270,784,665.97","1,760,743.00","153.79","United States","NASDAQ","USD","1.00","USD","-"
"EXR","EXTRA SPACE STORAGE REIT INC","Real Estate","Equity","269,444,679.16","0.07","269,444,679.16","2,080,172.00","129.53","United States","New York Stock Exchange Inc.","USD","1.00","USD","-"
"PWR","QUANTA SERVICES INC","Industrials","Equity","265,378,124.82","0.07","265,378,124.82","1,429,762.00","185.61","United States","New York Stock Exchange Inc.","USD","1.00","USD","-"
"CAH","CARDINAL HEALTH INC","Health Care","Equity","263,964,776.40","0.07","263,964,776.40","2,506,788.00","105.30","United States","New York Stock Exchange Inc.","USD","1.00","USD","-"
"FICO","FAIR ISAAC CORP","Information Technology","Equity","263,197,381.20","0.07","263,197,381.20","244,812.00","1,075.10","United States","New York Stock Exchange Inc.","USD","1.00","USD","-"
"EFX","EQUIFAX INC","Industrials","Equity","261,692,871.00","0.07","261,692,871.00","1,208,185.00","216.60","United States","New York Stock Exchange Inc.","USD","1.00","USD","-"
"SBAC","SBA COMMUNICATIONS REIT CORP CLASS","Real Estate","Equity","261,692,887.60","0.07","261,692,887.60","1,067,263.00","245.20","United States","NASDAQ","USD","1.00","USD","-"
"GEHC","GE HEALTHCARE TECHNOLOGIES INC","Health Care","Equity","260,760,350.85","0.07","260,760,350.85","3,851,135.00","67.71","United States","NASDAQ","USD","1.00","USD","-"
"MPWR","MONOLITHIC POWER SYSTEMS INC","Information Technology","Equity","259,765,034.62","0.07","259,765,034.62","470,197.00","552.46","United States","NASDAQ","USD","1.00","USD","-"
"WEC","WEC ENERGY GROUP INC","Utilities","Equity","257,674,204.07","0.07","257,674,204.07","3,105,631.00","82.97","United States","New York Stock Exchange Inc.","USD","1.00","USD","-"
"MRNA","MODERNA INC","Health Care","Equity","257,596,223.99","0.07","257,596,223.99","3,260,299.00","79.01","United States","NASDAQ","USD","1.00","USD","-"
"ANSS","ANSYS INC","Information Technology","Equity","255,412,330.92","0.07","255,412,330.92","854,622.00","298.86","United States","NASDAQ","USD","1.00","USD","-"
"WST","WEST PHARMACEUTICAL SERVICES INC","Health Care","Equity","253,732,181.56","0.07","253,732,181.56","727,193.00","348.92","United States","New York Stock Exchange Inc.","USD","1.00","USD","-"
"AWK","AMERICAN WATER WORKS INC","Utilities","Equity","251,497,957.86","0.07","251,497,957.86","1,916,613.00","131.22","United States","New York Stock Exchange Inc.","USD","1.00","USD","-"
"DLTR","DOLLAR TREE INC","Consumer Staples","Equity","249,678,463.68","0.07","249,678,463.68","2,061,414.00","121.12","United States","NASDAQ","USD","1.00","USD","-"
"HPQ","HP INC","Information Technology","Equity","248,338,730.88","0.07","248,338,730.88","8,542,784.00","29.07","United States","New York Stock Exchange Inc.","USD","1.00","USD","-"
"EIX","EDISON INTERNATIONAL","Utilities","Equity","248,249,181.18","0.07","248,249,181.18","3,773,931.00","65.78","United States","New York Stock Exchange Inc.","USD","1.00","USD","-"
"RCL","ROYAL CARIBBEAN GROUP LTD","Consumer Discretionary","Equity","245,776,864.20","0.07","245,776,864.20","2,320,620.00","105.91","United States","New York Stock Exchange Inc.","USD","1.00","USD","-"
"WTW","WILLIS TOWERS WATSON PLC","Financials","Equity","245,714,211.95","0.07","245,714,211.95","1,020,535.00","240.77","United States","NASDAQ","USD","1.00","USD","-"
"XYL","XYLEM INC","Industrials","Equity","245,428,825.50","0.07","245,428,825.50","2,371,293.00","103.50","United States","New York Stock Exchange Inc.","USD","1.00","USD","-"
"TTWO","TAKE TWO INTERACTIVE SOFTWARE INC","Communication","Equity","244,146,781.76","0.06","244,146,781.76","1,554,976.00","157.01","United States","NASDAQ","USD","1.00","USD","-"
"CBRE","CBRE GROUP INC CLASS A","Real Estate","Equity","242,162,105.22","0.06","242,162,105.22","3,050,669.00","79.38","United States","New York Stock Exchange Inc.","USD","1.00","USD","-"
"KEYS","KEYSIGHT TECHNOLOGIES INC","Information Technology","Equity","242,117,142.12","0.06","242,117,142.12","1,755,999.00","137.88","United States","New York Stock Exchange Inc.","USD","1.00","USD","-"
"AVB","AVALONBAY COMMUNITIES REIT INC","Real Estate","Equity","238,885,084.57","0.06","238,885,084.57","1,398,379.00","170.83","United States","New York Stock Exchange Inc.","USD","1.00","USD","-"
"LYB","LYONDELLBASELL INDUSTRIES NV CLASS","Materials","Equity","237,044,594.00","0.06","237,044,594.00","2,521,751.00","94.00","United States","New York Stock Exchange Inc.","USD","1.00","USD","-"
"WBD","WARNER BROS. DISCOVERY INC SERIES","Communication","Equity","235,414,426.94","0.06","235,414,426.94","21,838,073.00","10.78","United States","NASDAQ","USD","1.00","USD","-"
"MTD","METTLER TOLEDO INC","Health Care","Equity","235,155,389.37","0.06","235,155,389.37","215,259.00","1,092.43","United States","New York Stock Exchange Inc.","USD","1.00","USD","-"
"FTV","FORTIVE CORP","Industrials","Equity","234,679,609.92","0.06","234,679,609.92","3,465,952.00","67.71","United States","New York Stock Exchange Inc.","USD","1.00","USD","-"
"ZBH","ZIMMER BIOMET HOLDINGS INC","Health Care","Equity","234,397,349.12","0.06","234,397,349.12","2,057,561.00","113.92","United States","New York Stock Exchange Inc.","USD","1.00","USD","-"
"DAL","DELTA AIR LINES INC","Industrials","Equity","232,115,389.28","0.06","232,115,389.28","6,335,027.00","36.64","United States","New York Stock Exchange Inc.","USD","1.00","USD","-"
"HIG","HARTFORD FINANCIAL SERVICES GROUP","Financials","Equity","231,773,077.56","0.06","231,773,077.56","3,010,822.00","76.98","United States","New York Stock Exchange Inc.","USD","1.00","USD","-"
"RMD","RESMED INC","Health Care","Equity","229,824,180.00","0.06","229,824,180.00","1,446,800.00","158.85","United States","New York Stock Exchange Inc.","USD","1.00","USD","-"
"CHD","CHURCH AND DWIGHT INC","Consumer Staples","Equity","229,325,209.20","0.06","229,325,209.20","2,422,620.00","94.66","United States","New York Stock Exchange Inc.","USD","1.00","USD","-"
"APTV","APTIV PLC","Consumer Discretionary","Equity","229,100,971.15","0.06","229,100,971.15","2,784,745.00","82.27","United States","New York Stock Exchange Inc.","USD","1.00","USD","-"
"WY","WEYERHAEUSER REIT","Real Estate","Equity","228,075,730.60","0.06","228,075,730.60","7,194,818.00","31.70","United States","New York Stock Exchange Inc.","USD","1.00","USD","-"
"STT","STATE STREET CORP","Financials","Equity","225,064,449.76","0.06","225,064,449.76","3,137,224.00","71.74","United States","New York Stock Exchange Inc.","USD","1.00","USD","-"
"BR","BROADRIDGE FINANCIAL SOLUTIONS INC","Industrials","Equity","221,667,803.84","0.06","221,667,803.84","1,162,756.00","190.64","United States","New York Stock Exchange Inc.","USD","1.00","USD","-"
"TROW","T ROWE PRICE GROUP INC","Financials","Equity","218,989,406.20","0.06","218,989,406.20","2,208,445.00","99.16","United States","NASDAQ","USD","1.00","USD","-"
"DFS","DISCOVER FINANCIAL SERVICES","Financials","Equity","218,748,334.32","0.06","218,748,334.32","2,460,888.00","88.89","United States","New York Stock Exchange Inc.","USD","1.00","USD","-"
"TSCO","TRACTOR SUPPLY","Consumer Discretionary","Equity","214,471,354.41","0.06","214,471,354.41","1,071,339.00","200.19","United States","NASDAQ","USD","1.00","USD","-"
"GLW","CORNING INC","Information Technology","Equity","213,299,910.52","0.06","213,299,910.52","7,558,466.00","28.22","United States","New York Stock Exchange Inc.","USD","1.00","USD","-"
"EBAY","EBAY INC","Consumer Discretionary","Equity","212,925,436.48","0.06","212,925,436.48","5,239,307.00","40.64","United States","NASDAQ","USD","1.00","USD","-"
"DTE","DTE ENERGY","Utilities","Equity","211,400,763.38","0.06","211,400,763.38","2,029,967.00","104.14","United States","New York Stock Exchange Inc.","USD","1.00","USD","-"
"HPE","HEWLETT PACKARD ENTERPRISE","Information Technology","Equity","210,065,230.76","0.06","210,065,230.76","12,715,813.00","16.52","United States","New York Stock Exchange Inc.","USD","1.00","USD","-"
"ETR","ENTERGY CORP","Utilities","Equity","209,417,113.92","0.06","209,417,113.92","2,081,888.00","100.59","United States","New York Stock Exchange Inc.","USD","1.00","USD","-"
"MTB","M&T BANK CORP","Financials","Equity","208,630,605.56","0.06","208,630,605.56","1,633,372.00","127.73","United States","New York Stock Exchange Inc.","USD","1.00","USD","-"
"ULTA","ULTA BEAUTY INC","Consumer Discretionary","Equity","206,017,425.06","0.05","206,017,425.06","490,506.00","420.01","United States","NASDAQ","USD","1.00","USD","-"
"ES","EVERSOURCE ENERGY","Utilities","Equity","205,218,433.49","0.05","205,218,433.49","3,436,919.00","59.71","United States","New York Stock Exchange Inc.","USD","1.00","USD","-"
"WAB","WESTINGHOUSE AIR BRAKE TECHNOLOGIE","Industrials","Equity","203,182,272.00","0.05","203,182,272.00","1,763,735.00","115.20","United States","New York Stock Exchange Inc.","USD","1.00","USD","-"
"MOH","MOLINA HEALTHCARE INC","Health Care","Equity","201,407,165.28","0.05","201,407,165.28","574,104.00","350.82","United States","New York Stock Exchange Inc.","USD","1.00","USD","-"
"AEE","AMEREN CORP","Utilities","Equity","199,180,059.10","0.05","199,180,059.10","2,587,090.00","76.99","United States","New York Stock Exchange Inc.","USD","1.00","USD","-"
"HWM","HOWMET AEROSPACE INC","Industrials","Equity","198,918,348.86","0.05","198,918,348.86","3,855,754.00","51.59","United States","New York Stock Exchange Inc.","USD","1.00","USD","-"
"NVR","NVR INC","Consumer Discretionary","Equity","196,306,943.84","0.05","196,306,943.84","32,144.00","6,107.11","United States","New York Stock Exchange Inc.","USD","1.00","USD","-"
"CTRA","COTERRA ENERGY INC","Energy","Equity","194,573,480.20","0.05","194,573,480.20","7,457,780.00","26.09","United States","New York Stock Exchange Inc.","USD","1.00","USD","-"
"TRGP","TARGA RESOURCES CORP","Energy","Equity","193,835,424.25","0.05","193,835,424.25","2,202,425.00","88.01","United States","New York Stock Exchange Inc.","USD","1.00","USD","-"
"DOV","DOVER CORP","Industrials","Equity","193,837,474.60","0.05","193,837,474.60","1,376,980.00","140.77","United States","New York Stock Exchange Inc.","USD","1.00","USD","-"
"EQR","EQUITY RESIDENTIAL REIT","Real Estate","Equity","192,151,451.16","0.05","192,151,451.16","3,396,102.00","56.58","United States","New York Stock Exchange Inc.","USD","1.00","USD","-"
"RJF","RAYMOND JAMES INC","Financials","Equity","191,993,317.50","0.05","191,993,317.50","1,850,538.00","103.75","United States","New York Stock Exchange Inc.","USD","1.00","USD","-"
"STE","STERIS","Health Care","Equity","191,785,515.84","0.05","191,785,515.84","971,361.00","197.44","United States","New York Stock Exchange Inc.","USD","1.00","USD","-"
"FITB","FIFTH THIRD BANCORP","Financials","Equity","190,455,156.87","0.05","190,455,156.87","6,703,807.00","28.41","United States","NASDAQ","USD","1.00","USD","-"
"PHM","PULTEGROUP INC","Consumer Discretionary","Equity","190,165,583.27","0.05","190,165,583.27","2,160,727.00","88.01","United States","New York Stock Exchange Inc.","USD","1.00","USD","-"
"IFF","INTERNATIONAL FLAVORS & FRAGRANCES","Materials","Equity","189,056,751.50","0.05","189,056,751.50","2,513,050.00","75.23","United States","New York Stock Exchange Inc.","USD","1.00","USD","-"
"PPL","PPL CORP","Utilities","Equity","188,908,664.32","0.05","188,908,664.32","7,257,344.00","26.03","United States","New York Stock Exchange Inc.","USD","1.00","USD","-"
"FE","FIRSTENERGY CORP","Utilities","Equity","187,886,135.00","0.05","187,886,135.00","5,080,750.00","36.98","United States","New York Stock Exchange Inc.","USD","1.00","USD","-"
"VRSN","VERISIGN INC","Information Technology","Equity","187,064,894.40","0.05","187,064,894.40","883,632.00","211.70","United States","NASDAQ","USD","1.00","USD","-"
"LH","LABORATORY CORPORATION OF AMERICA","Health Care","Equity","186,771,901.91","0.05","186,771,901.91","872,399.00","214.09","United States","New York Stock Exchange Inc.","USD","1.00","USD","-"
"INVH","INVITATION HOMES INC","Real Estate","Equity","186,672,519.68","0.05","186,672,519.68","5,663,608.00","32.96","United States","New York Stock Exchange Inc.","USD","1.00","USD","-"
"CBOE","CBOE GLOBAL MARKETS INC","Financials","Equity","186,486,319.50","0.05","186,486,319.50","1,038,921.00","179.50","United States","Cboe BZX formerly known as BATS","USD","1.00","USD","-"
"NDAQ","NASDAQ INC","Financials","Equity","185,909,834.30","0.05","185,909,834.30","3,337,699.00","55.70","United States","NASDAQ","USD","1.00","USD","-"
"NTAP","NETAPP INC","Information Technology","Equity","185,875,101.06","0.05","185,875,101.06","2,075,889.00","89.54","United States","NASDAQ","USD","1.00","USD","-"
"DRI","DARDEN RESTAURANTS INC","Consumer Discretionary","Equity","185,325,552.12","0.05","185,325,552.12","1,190,044.00","155.73","United States","New York Stock Exchange Inc.","USD","1.00","USD","-"
"GPC","GENUINE PARTS","Consumer Discretionary","Equity","185,103,883.62","0.05","185,103,883.62","1,382,817.00","133.86","United States","New York Stock Exchange Inc.","USD","1.00","USD","-"
"TDY","TELEDYNE TECHNOLOGIES INC","Information Technology","Equity","184,964,890.50","0.05","184,964,890.50","463,455.00","399.10","United States","New York Stock Exchange Inc.","USD","1.00","USD","-"
"EXPE","EXPEDIA GROUP INC","Consumer Discretionary","Equity","184,246,823.25","0.05","184,246,823.25","1,357,251.00","135.75","United States","NASDAQ","USD","1.00","USD","-"
"GRMN","GARMIN LTD","Consumer Discretionary","Equity","182,448,398.00","0.05","182,448,398.00","1,507,838.00","121.00","United States","New York Stock Exchange Inc.","USD","1.00","USD","-"
"PTC","PTC INC","Information Technology","Equity","181,931,229.99","0.05","181,931,229.99","1,170,051.00","155.49","United States","NASDAQ","USD","1.00","USD","-"
"IRM","IRON MOUNTAIN INC","Real Estate","Equity","181,832,991.76","0.05","181,832,991.76","2,873,467.00","63.28","United States","New York Stock Exchange Inc.","USD","1.00","USD","-"
"BAX","BAXTER INTERNATIONAL INC","Health Care","Equity","181,487,233.20","0.05","181,487,233.20","4,985,913.00","36.40","United States","New York Stock Exchange Inc.","USD","1.00","USD","-"
"VTR","VENTAS REIT INC","Real Estate","Equity","179,901,296.51","0.05","179,901,296.51","3,961,711.00","45.41","United States","New York Stock Exchange Inc.","USD","1.00","USD","-"
"STLD","STEEL DYNAMICS INC","Materials","Equity","177,061,645.66","0.05","177,061,645.66","1,533,134.00","115.49","United States","NASDAQ","USD","1.00","USD","-"
"EXPD","EXPEDITORS INTERNATIONAL OF WASHIN","Industrials","Equity","174,028,769.28","0.05","174,028,769.28","1,456,064.00","119.52","United States","New York Stock Exchange Inc.","USD","1.00","USD","-"
"CLX","CLOROX","Consumer Staples","Equity","173,563,275.38","0.05","173,563,275.38","1,219,357.00","142.34","United States","New York Stock Exchange Inc.","USD","1.00","USD","-"
"CNP","CENTERPOINT ENERGY INC","Utilities","Equity","173,316,073.97","0.05","173,316,073.97","6,214,273.00","27.89","United States","New York Stock Exchange Inc.","USD","1.00","USD","-"
"AKAM","AKAMAI TECHNOLOGIES INC","Information Technology","Equity","173,184,619.40","0.05","173,184,619.40","1,496,842.00","115.70","United States","NASDAQ","USD","1.00","USD","-"
"FLT","FLEETCOR TECHNOLOGIES INC","Financials","Equity","172,730,484.22","0.05","172,730,484.22","728,114.00","237.23","United States","New York Stock Exchange Inc.","USD","1.00","USD","-"
"EG","EVEREST GROUP LTD","Financials","Equity","171,960,920.68","0.05","171,960,920.68","427,402.00","402.34","United States","New York Stock Exchange Inc.","USD","1.00","USD","-"
"FDS","FACTSET RESEARCH SYSTEMS INC","Financials","Equity","170,748,402.25","0.05","170,748,402.25","375,775.00","454.39","United States","New York Stock Exchange Inc.","USD","1.00","USD","-"
"HOLX","HOLOGIC INC","Health Care","Equity","170,258,607.00","0.05","170,258,607.00","2,411,595.00","70.60","United States","NASDAQ","USD","1.00","USD","-"
"BALL","BALL CORP","Materials","Equity","170,081,462.08","0.05","170,081,462.08","3,102,544.00","54.82","United States","New York Stock Exchange Inc.","USD","1.00","USD","-"
"BRO","BROWN & BROWN INC","Financials","Equity","169,108,193.91","0.04","169,108,193.91","2,317,503.00","72.97","United States","New York Stock Exchange Inc.","USD","1.00","USD","-"
"TYL","TYLER TECHNOLOGIES INC","Information Technology","Equity","168,726,945.57","0.04","168,726,945.57","414,247.00","407.31","United States","New York Stock Exchange Inc.","USD","1.00","USD","-"
"ARE","ALEXANDRIA REAL ESTATE EQUITIES RE","Real Estate","Equity","167,154,952.91","0.04","167,154,952.91","1,533,391.00","109.01","United States","New York Stock Exchange Inc.","USD","1.00","USD","-"
"ATO","ATMOS ENERGY CORP","Utilities","Equity","163,807,127.55","0.04","163,807,127.55","1,461,911.00","112.05","United States","New York Stock Exchange Inc.","USD","1.00","USD","-"
"FSLR","FIRST SOLAR INC","Information Technology","Equity","163,525,416.12","0.04","163,525,416.12","1,052,084.00","155.43","United States","NASDAQ","USD","1.00","USD","-"
"CMS","CMS ENERGY CORP","Utilities","Equity","163,001,549.50","0.04","163,001,549.50","2,872,274.00","56.75","United States","New York Stock Exchange Inc.","USD","1.00","USD","-"
"WAT","WATERS CORP","Health Care","Equity","162,754,130.70","0.04","162,754,130.70","581,805.00","279.74","United States","New York Stock Exchange Inc.","USD","1.00","USD","-"
"PFG","PRINCIPAL FINANCIAL GROUP INC","Financials","Equity","162,404,857.10","0.04","162,404,857.10","2,189,630.00","74.17","United States","NASDAQ","USD","1.00","USD","-"
"COO","COOPER INC","Health Care","Equity","161,698,205.55","0.04","161,698,205.55","487,645.00","331.59","United States","NASDAQ","USD","1.00","USD","-"
"BG","BUNGE GLOBAL SA","Consumer Staples","Equity","160,169,391.80","0.04","160,169,391.80","1,481,678.00","108.10","United States","New York Stock Exchange Inc.","USD","1.00","USD","-"
"VLTO","VERALTO CORP","Industrials","Equity","160,078,067.10","0.04","160,078,067.10","2,156,805.00","74.22","United States","New York Stock Exchange Inc.","USD","1.00","USD","-"
"NTRS","NORTHERN TRUST CORP","Financials","Equity","159,531,430.52","0.04","159,531,430.52","2,037,959.00","78.28","United States","NASDAQ","USD","1.00","USD","-"
"MKC","MCCORMICK & CO NON-VOTING INC","Consumer Staples","Equity","158,939,949.32","0.04","158,939,949.32","2,472,619.00","64.28","United States","New York Stock Exchange Inc.","USD","1.00","USD","-"
"HBAN","HUNTINGTON BANCSHARES INC","Financials","Equity","158,673,041.94","0.04","158,673,041.94","14,256,338.00","11.13","United States","NASDAQ","USD","1.00","USD","-"
"ILMN","ILLUMINA INC","Health Care","Equity","158,286,891.14","0.04","158,286,891.14","1,558,402.00","101.57","United States","NASDAQ","USD","1.00","USD","-"
"J","JACOBS SOLUTIONS INC","Industrials","Equity","156,451,654.40","0.04","156,451,654.40","1,239,712.00","126.20","United States","New York Stock Exchange Inc.","USD","1.00","USD","-"
"AXON","AXON ENTERPRISE INC","Industrials","Equity","156,299,411.34","0.04","156,299,411.34","692,019.00","225.86","United States","NASDAQ","USD","1.00","USD","-"
"HUBB","HUBBELL INC","Industrials","Equity","155,592,855.72","0.04","155,592,855.72","528,042.00","294.66","United States","New York Stock Exchange Inc.","USD","1.00","USD","-"
"CINF","CINCINNATI FINANCIAL CORP","Financials","Equity","155,474,805.64","0.04","155,474,805.64","1,544,554.00","100.66","United States","NASDAQ","USD","1.00","USD","-"
"OMC","OMNICOM GROUP INC","Communication","Equity","155,236,312.19","0.04","155,236,312.19","1,945,561.00","79.79","United States","New York Stock Exchange Inc.","USD","1.00","USD","-"
"AVY","AVERY DENNISON CORP","Materials","Equity","152,625,733.68","0.04","152,625,733.68","793,438.00","192.36","United States","New York Stock Exchange Inc.","USD","1.00","USD","-"
"RF","REGIONS FINANCIAL CORP","Financials","Equity","152,168,866.38","0.04","152,168,866.38","9,239,154.00","16.47","United States","New York Stock Exchange Inc.","USD","1.00","USD","-"
"ALGN","ALIGN TECHNOLOGY INC","Health Care","Equity","151,664,156.16","0.04","151,664,156.16","700,592.00","216.48","United States","NASDAQ","USD","1.00","USD","-"
"MRO","MARATHON OIL CORP","Energy","Equity","150,872,122.50","0.04","150,872,122.50","5,963,325.00","25.30","United States","New York Stock Exchange Inc.","USD","1.00","USD","-"
"SWKS","SKYWORKS SOLUTIONS INC","Information Technology","Equity","150,661,536.00","0.04","150,661,536.00","1,569,391.00","96.00","United States","NASDAQ","USD","1.00","USD","-"
"EPAM","EPAM SYSTEMS INC","Information Technology","Equity","149,631,710.86","0.04","149,631,710.86","571,157.00","261.98","United States","New York Stock Exchange Inc.","USD","1.00","USD","-"
"DGX","QUEST DIAGNOSTICS INC","Health Care","Equity","149,517,718.56","0.04","149,517,718.56","1,105,328.00","135.27","United States","New York Stock Exchange Inc.","USD","1.00","USD","-"
"STX","SEAGATE TECHNOLOGY HOLDINGS PLC","Information Technology","Equity","149,070,954.96","0.04","149,070,954.96","1,899,477.00","78.48","United States","NASDAQ","USD","1.00","USD","-"
"WDC","WESTERN DIGITAL CORP","Information Technology","Equity","149,085,634.88","0.04","149,085,634.88","3,150,584.00","47.32","United States","NASDAQ","USD","1.00","USD","-"
"LUV","SOUTHWEST AIRLINES","Industrials","Equity","148,549,912.72","0.04","148,549,912.72","5,864,584.00","25.33","United States","New York Stock Exchange Inc.","USD","1.00","USD","-"
"CCL","CARNIVAL CORP","Consumer Discretionary","Equity","147,925,912.05","0.04","147,925,912.05","9,921,255.00","14.91","United States","New York Stock Exchange Inc.","USD","1.00","USD","-"
"IEX","IDEX CORP","Industrials","Equity","147,599,449.20","0.04","147,599,449.20","744,324.00","198.30","United States","New York Stock Exchange Inc.","USD","1.00","USD","-"
"LVS","LAS VEGAS SANDS CORP","Consumer Discretionary","Equity","146,748,849.54","0.04","146,748,849.54","3,236,631.00","45.34","United States","New York Stock Exchange Inc.","USD","1.00","USD","-"
"JBHT","JB HUNT TRANSPORT SERVICES INC","Industrials","Equity","146,388,953.70","0.04","146,388,953.70","804,114.00","182.05","United States","NASDAQ","USD","1.00","USD","-"
"TXT","TEXTRON INC","Industrials","Equity","145,925,983.00","0.04","145,925,983.00","1,950,100.00","74.83","United States","New York Stock Exchange Inc.","USD","1.00","USD","-"
"LDOS","LEIDOS HOLDINGS INC","Industrials","Equity","143,693,141.36","0.04","143,693,141.36","1,352,788.00","106.22","United States","New York Stock Exchange Inc.","USD","1.00","USD","-"
"PKG","PACKAGING CORP OF AMERICA","Materials","Equity","143,369,157.75","0.04","143,369,157.75","885,815.00","161.85","United States","New York Stock Exchange Inc.","USD","1.00","USD","-"
"ALB","ALBEMARLE CORP","Materials","Equity","142,549,797.36","0.04","142,549,797.36","1,155,372.00","123.38","United States","New York Stock Exchange Inc.","USD","1.00","USD","-"
"MAA","MID AMERICA APARTMENT COMMUNITIES","Real Estate","Equity","142,340,531.30","0.04","142,340,531.30","1,149,205.00","123.86","United States","New York Stock Exchange Inc.","USD","1.00","USD","-"
"CF","CF INDUSTRIES HOLDINGS INC","Materials","Equity","142,001,080.00","0.04","142,001,080.00","1,899,680.00","74.75","United States","New York Stock Exchange Inc.","USD","1.00","USD","-"
"SNA","SNAP ON INC","Industrials","Equity","141,771,899.68","0.04","141,771,899.68","521,527.00","271.84","United States","New York Stock Exchange Inc.","USD","1.00","USD","-"
"EQT","EQT CORP","Energy","Equity","141,546,371.25","0.04","141,546,371.25","3,560,915.00","39.75","United States","New York Stock Exchange Inc.","USD","1.00","USD","-"
"WRB","WR BERKLEY CORP","Financials","Equity","141,367,870.53","0.04","141,367,870.53","2,003,229.00","70.57","United States","New York Stock Exchange Inc.","USD","1.00","USD","-"
"WBA","WALGREEN BOOTS ALLIANCE INC","Consumer Staples","Equity","140,946,612.30","0.04","140,946,612.30","7,054,385.00","19.98","United States","NASDAQ","USD","1.00","USD","-"
"TER","TERADYNE INC","Information Technology","Equity","140,685,567.12","0.04","140,685,567.12","1,516,662.00","92.76","United States","NASDAQ","USD","1.00","USD","-"
"LW","LAMB WESTON HOLDINGS INC","Consumer Staples","Equity","140,061,077.46","0.04","140,061,077.46","1,436,082.00","97.53","United States","New York Stock Exchange Inc.","USD","1.00","USD","-"
"SWK","STANLEY BLACK & DECKER INC","Industrials","Equity","137,992,287.12","0.04","137,992,287.12","1,508,772.00","91.46","United States","New York Stock Exchange Inc.","USD","1.00","USD","-"
"AMCR","AMCOR PLC","Materials","Equity","137,523,186.71","0.04","137,523,186.71","14,491,379.00","9.49","United States","New York Stock Exchange Inc.","USD","1.00","USD","-"
"ENPH","ENPHASE ENERGY INC","Information Technology","Equity","135,526,180.00","0.04","135,526,180.00","1,342,375.00","100.96","United States","NASDAQ","USD","1.00","USD","-"
"CE","CELANESE CORP","Materials","Equity","135,530,820.96","0.04","135,530,820.96","986,109.00","137.44","United States","New York Stock Exchange Inc.","USD","1.00","USD","-"
"BBY","BEST BUY CO INC","Consumer Discretionary","Equity","135,380,268.98","0.04","135,380,268.98","1,912,691.00","70.78","United States","New York Stock Exchange Inc.","USD","1.00","USD","-"
"DPZ","DOMINOS PIZZA INC","Consumer Discretionary","Equity","134,437,845.78","0.04","134,437,845.78","345,723.00","388.86","United States","New York Stock Exchange Inc.","USD","1.00","USD","-"
"K","KELLANOVA","Consumer Staples","Equity","134,073,714.60","0.04","134,073,714.60","2,595,310.00","51.66","United States","New York Stock Exchange Inc.","USD","1.00","USD","-"
"ESS","ESSEX PROPERTY TRUST REIT INC","Real Estate","Equity","134,088,611.84","0.04","134,088,611.84","631,808.00","212.23","United States","New York Stock Exchange Inc.","USD","1.00","USD","-"
"MAS","MASCO CORP","Industrials","Equity","133,742,369.86","0.04","133,742,369.86","2,215,378.00","60.37","United States","New York Stock Exchange Inc.","USD","1.00","USD","-"
"POOL","POOL CORP","Consumer Discretionary","Equity","132,730,648.40","0.04","132,730,648.40","384,370.00","345.32","United States","NASDAQ","USD","1.00","USD","-"
"TSN","TYSON FOODS INC CLASS A","Consumer Staples","Equity","132,406,955.65","0.04","132,406,955.65","2,811,785.00","47.09","United States","New York Stock Exchange Inc.","USD","1.00","USD","-"
"CAG","CONAGRA BRANDS INC","Consumer Staples","Equity","131,866,435.08","0.03","131,866,435.08","4,706,154.00","28.02","United States","New York Stock Exchange Inc.","USD","1.00","USD","-"
"PODD","INSULET CORP","Health Care","Equity","129,768,770.16","0.03","129,768,770.16","686,898.00","188.92","United States","NASDAQ","USD","1.00","USD","-"
"SYF","SYNCHRONY FINANCIAL","Financials","Equity","128,590,965.30","0.03","128,590,965.30","4,118,865.00","31.22","United States","New York Stock Exchange Inc.","USD","1.00","USD","-"
"UAL","UNITED AIRLINES HOLDINGS INC","Industrials","Equity","126,777,539.25","0.03","126,777,539.25","3,230,001.00","39.25","United States","NASDAQ","USD","1.00","USD","-"
"CFG","CITIZENS FINANCIAL GROUP INC","Financials","Equity","126,705,307.32","0.03","126,705,307.32","4,651,443.00","27.24","United States","New York Stock Exchange Inc.","USD","1.00","USD","-"
"L","LOEWS CORP","Financials","Equity","124,764,862.69","0.03","124,764,862.69","1,821,119.00","68.51","United States","New York Stock Exchange Inc.","USD","1.00","USD","-"
"LNT","ALLIANT ENERGY CORP","Utilities","Equity","124,315,542.12","0.03","124,315,542.12","2,489,298.00","49.94","United States","NASDAQ","USD","1.00","USD","-"
"NDSN","NORDSON CORP","Industrials","Equity","123,979,754.20","0.03","123,979,754.20","533,017.00","232.60","United States","NASDAQ","USD","1.00","USD","-"
"HST","HOST HOTELS & RESORTS REIT INC","Real Estate","Equity","122,248,609.92","0.03","122,248,609.92","7,009,668.00","17.44","United States","NASDAQ","USD","1.00","USD","-"
"IP","INTERNATIONAL PAPER","Materials","Equity","121,959,507.18","0.03","121,959,507.18","3,407,642.00","35.79","United States","New York Stock Exchange Inc.","USD","1.00","USD","-"
"GEN","GEN DIGITAL INC","Information Technology","Equity","120,702,676.50","0.03","120,702,676.50","5,544,450.00","21.77","United States","NASDAQ","USD","1.00","USD","-"
"ZBRA","ZEBRA TECHNOLOGIES CORP CLASS A","Information Technology","Equity","119,533,325.40","0.03","119,533,325.40","505,170.00","236.62","United States","NASDAQ","USD","1.00","USD","-"
"MOS","MOSAIC","Materials","Equity","119,191,296.96","0.03","119,191,296.96","3,272,688.00","36.42","United States","New York Stock Exchange Inc.","USD","1.00","USD","-"
"LKQ","LKQ CORP","Consumer Discretionary","Equity","116,956,818.84","0.03","116,956,818.84","2,634,756.00","44.39","United States","NASDAQ","USD","1.00","USD","-"
"LYV","LIVE NATION ENTERTAINMENT INC","Communication","Equity","116,735,528.80","0.03","116,735,528.80","1,396,358.00","83.60","United States","New York Stock Exchange Inc.","USD","1.00","USD","-"
"IPG","INTERPUBLIC GROUP OF COMPANIES INC","Communication","Equity","116,179,066.80","0.03","116,179,066.80","3,791,745.00","30.64","United States","New York Stock Exchange Inc.","USD","1.00","USD","-"
"KIM","KIMCO REALTY REIT CORP","Real Estate","Equity","116,150,974.62","0.03","116,150,974.62","6,106,781.00","19.02","United States","New York Stock Exchange Inc.","USD","1.00","USD","-"
"KEY","KEYCORP","Financials","Equity","114,721,331.68","0.03","114,721,331.68","9,221,972.00","12.44","United States","New York Stock Exchange Inc.","USD","1.00","USD","-"
"EVRG","EVERGY INC","Utilities","Equity","114,583,229.28","0.03","114,583,229.28","2,262,702.00","50.64","United States","NASDAQ","USD","1.00","USD","-"
"AES","AES CORP","Utilities","Equity","113,638,620.06","0.03","113,638,620.06","6,599,223.00","17.22","United States","New York Stock Exchange Inc.","USD","1.00","USD","-"
"SJM","JM SMUCKER","Consumer Staples","Equity","113,405,078.04","0.03","113,405,078.04","1,044,438.00","108.58","United States","New York Stock Exchange Inc.","USD","1.00","USD","-"
"TRMB","TRIMBLE INC","Information Technology","Equity","112,305,717.44","0.03","112,305,717.44","2,445,682.00","45.92","United States","NASDAQ","USD","1.00","USD","-"
"JKHY","JACK HENRY AND ASSOCIATES INC","Financials","Equity","111,932,494.70","0.03","111,932,494.70","717,470.00","156.01","United States","NASDAQ","USD","1.00","USD","-"
"ROL","ROLLINS INC","Industrials","Equity","111,181,575.81","0.03","111,181,575.81","2,766,399.00","40.19","United States","New York Stock Exchange Inc.","USD","1.00","USD","-"
"TAP","MOLSON COORS BREWING CLASS B","Consumer Staples","Equity","109,912,262.30","0.03","109,912,262.30","1,828,823.00","60.10","United States","New York Stock Exchange Inc.","USD","1.00","USD","-"
"APA","APA CORP","Energy","Equity","109,869,630.18","0.03","109,869,630.18","3,025,878.00","36.31","United States","NASDAQ","USD","1.00","USD","-"
"RVTY","REVVITY INC","Health Care","Equity","109,304,082.64","0.03","109,304,082.64","1,222,504.00","89.41","United States","New York Stock Exchange Inc.","USD","1.00","USD","-"
"MGM","MGM RESORTS INTERNATIONAL","Consumer Discretionary","Equity","109,052,300.17","0.03","109,052,300.17","2,765,719.00","39.43","United States","New York Stock Exchange Inc.","USD","1.00","USD","-"
"VTRS","VIATRIS INC","Health Care","Equity","107,883,357.67","0.03","107,883,357.67","11,816,359.00","9.13","United States","NASDAQ","USD","1.00","USD","-"
"CDAY","CERIDIAN HCM HOLDING INC","Industrials","Equity","105,980,437.80","0.03","105,980,437.80","1,533,060.00","69.13","United States","New York Stock Exchange Inc.","USD","1.00","USD","-"
"NRG","NRG ENERGY INC","Utilities","Equity","105,767,201.35","0.03","105,767,201.35","2,257,571.00","46.85","United States","New York Stock Exchange Inc.","USD","1.00","USD","-"
"NI","NISOURCE INC","Utilities","Equity","105,077,672.00","0.03","105,077,672.00","4,071,200.00","25.81","United States","New York Stock Exchange Inc.","USD","1.00","USD","-"
"BFB","BROWN FORMAN CORP CLASS B","Consumer Staples","Equity","104,970,347.55","0.03","104,970,347.55","1,802,685.00","58.23","United States","New York Stock Exchange Inc.","USD","1.00","USD","-"
"PNR","PENTAIR","Industrials","Equity","103,651,731.00","0.03","103,651,731.00","1,626,675.00","63.72","United States","New York Stock Exchange Inc.","USD","1.00","USD","-"
"GL","GLOBE LIFE INC","Financials","Equity","102,844,307.58","0.03","102,844,307.58","855,183.00","120.26","United States","New York Stock Exchange Inc.","USD","1.00","USD","-"
"TFX","TELEFLEX INC","Health Care","Equity","102,463,087.50","0.03","102,463,087.50","463,110.00","221.25","United States","New York Stock Exchange Inc.","USD","1.00","USD","-"
"WRK","WESTROCK","Materials","Equity","101,060,501.20","0.03","101,060,501.20","2,520,212.00","40.10","United States","New York Stock Exchange Inc.","USD","1.00","USD","-"
"REG","REGENCY CENTERS REIT CORP","Real Estate","Equity","99,528,412.86","0.03","99,528,412.86","1,619,138.00","61.47","United States","NASDAQ","USD","1.00","USD","-"
"CRL","CHARLES RIVER LABORATORIES INTERNA","Health Care","Equity","99,446,213.70","0.03","99,446,213.70","504,547.00","197.10","United States","New York Stock Exchange Inc.","USD","1.00","USD","-"
"UDR","UDR REIT INC","Real Estate","Equity","99,417,522.32","0.03","99,417,522.32","2,986,408.00","33.29","United States","New York Stock Exchange Inc.","USD","1.00","USD","-"
"FFIV","F5 INC","Information Technology","Equity","99,332,666.90","0.03","99,332,666.90","584,138.00","170.05","United States","NASDAQ","USD","1.00","USD","-"
"KMX","CARMAX INC","Consumer Discretionary","Equity","98,420,270.04","0.03","98,420,270.04","1,558,269.00","63.16","United States","New York Stock Exchange Inc.","USD","1.00","USD","-"
"TECH","BIO TECHNE CORP","Health Care","Equity","97,907,893.68","0.03","97,907,893.68","1,551,139.00","63.12","United States","NASDAQ","USD","1.00","USD","-"
"INCY","INCYTE CORP","Health Care","Equity","97,786,507.89","0.03","97,786,507.89","1,831,551.00","53.39","United States","NASDAQ","USD","1.00","USD","-"
"EMN","EASTMAN CHEMICAL","Materials","Equity","97,004,864.16","0.03","97,004,864.16","1,166,064.00","83.19","United States","New York Stock Exchange Inc.","USD","1.00","USD","-"
"CZR","CAESARS ENTERTAINMENT INC","Consumer Discretionary","Equity","95,535,738.06","0.03","95,535,738.06","2,121,602.00","45.03","United States","NASDAQ","USD","1.00","USD","-"
"CPT","CAMDEN PROPERTY TRUST REIT","Real Estate","Equity","94,255,898.75","0.03","94,255,898.75","1,050,205.00","89.75","United States","New York Stock Exchange Inc.","USD","1.00","USD","-"
"CHRW","CH ROBINSON WORLDWIDE INC","Industrials","Equity","93,542,110.47","0.02","93,542,110.47","1,146,771.00","81.57","United States","NASDAQ","USD","1.00","USD","-"
"ETSY","ETSY INC","Consumer Discretionary","Equity","93,353,096.40","0.02","93,353,096.40","1,209,237.00","77.20","United States","NASDAQ","USD","1.00","USD","-"
"QRVO","QORVO INC","Information Technology","Equity","92,488,398.14","0.02","92,488,398.14","964,526.00","95.89","United States","NASDAQ","USD","1.00","USD","-"
"PEAK","HEALTHPEAK PROPERTIES INC","Real Estate","Equity","92,399,888.88","0.02","92,399,888.88","5,390,892.00","17.14","United States","New York Stock Exchange Inc.","USD","1.00","USD","-"
"AOS","A O SMITH CORP","Industrials","Equity","92,195,463.60","0.02","92,195,463.60","1,227,636.00","75.10","United States","New York Stock Exchange Inc.","USD","1.00","USD","-"
"HII","HUNTINGTON INGALLS INDUSTRIES INC","Industrials","Equity","91,685,398.75","0.02","91,685,398.75","392,237.00","233.75","United States","New York Stock Exchange Inc.","USD","1.00","USD","-"
"ALLE","ALLEGION PLC","Industrials","Equity","90,238,473.97","0.02","90,238,473.97","862,783.00","104.59","United States","New York Stock Exchange Inc.","USD","1.00","USD","-"
"MTCH","MATCH GROUP INC","Communication","Equity","89,000,007.04","0.02","89,000,007.04","2,740,148.00","32.48","United States","NASDAQ","USD","1.00","USD","-"
"JNPR","JUNIPER NETWORKS INC","Information Technology","Equity","88,588,678.72","0.02","88,588,678.72","3,159,368.00","28.04","United States","New York Stock Exchange Inc.","USD","1.00","USD","-"
"MKTX","MARKETAXESS HOLDINGS INC","Financials","Equity","87,918,662.16","0.02","87,918,662.16","370,824.00","237.09","United States","NASDAQ","USD","1.00","USD","-"
"PAYC","PAYCOM SOFTWARE INC","Industrials","Equity","87,890,479.74","0.02","87,890,479.74","484,806.00","181.29","United States","New York Stock Exchange Inc.","USD","1.00","USD","-"
"HRL","HORMEL FOODS CORP","Consumer Staples","Equity","86,929,112.27","0.02","86,929,112.27","2,852,941.00","30.47","United States","New York Stock Exchange Inc.","USD","1.00","USD","-"
"HSIC","HENRY SCHEIN INC","Health Care","Equity","85,789,886.82","0.02","85,789,886.82","1,286,977.00","66.66","United States","NASDAQ","USD","1.00","USD","-"
"AIZ","ASSURANT INC","Financials","Equity","85,077,556.20","0.02","85,077,556.20","519,399.00","163.80","United States","New York Stock Exchange Inc.","USD","1.00","USD","-"
"RHI","ROBERT HALF","Industrials","Equity","84,774,067.00","0.02","84,774,067.00","1,053,094.00","80.50","United States","New York Stock Exchange Inc.","USD","1.00","USD","-"
"NWSA","NEWS CORP CLASS A","Communication","Equity","83,679,719.90","0.02","83,679,719.90","3,745,735.00","22.34","United States","NASDAQ","USD","1.00","USD","-"
"UHS","UNIVERSAL HEALTH SERVICES INC CLAS","Health Care","Equity","82,941,485.25","0.02","82,941,485.25","610,987.00","135.75","United States","New York Stock Exchange Inc.","USD","1.00","USD","-"
"PNW","PINNACLE WEST CORP","Utilities","Equity","82,757,377.13","0.02","82,757,377.13","1,116,683.00","74.11","United States","New York Stock Exchange Inc.","USD","1.00","USD","-"
"BXP","BOSTON PROPERTIES REIT INC","Real Estate","Equity","80,885,166.00","0.02","80,885,166.00","1,419,038.00","57.00","United States","New York Stock Exchange Inc.","USD","1.00","USD","-"
"WYNN","WYNN RESORTS LTD","Consumer Discretionary","Equity","79,698,352.44","0.02","79,698,352.44","952,532.00","83.67","United States","NASDAQ","USD","1.00","USD","-"
"BWA","BORGWARNER INC","Consumer Discretionary","Equity","79,124,022.32","0.02","79,124,022.32","2,316,277.00","34.16","United States","New York Stock Exchange Inc.","USD","1.00","USD","-"
"AAL","AMERICAN AIRLINES GROUP INC","Industrials","Equity","78,565,226.48","0.02","78,565,226.48","6,423,976.00","12.23","United States","NASDAQ","USD","1.00","USD","-"
"CPB","CAMPBELL SOUP","Consumer Staples","Equity","76,905,461.92","0.02","76,905,461.92","1,934,242.00","39.76","United States","New York Stock Exchange Inc.","USD","1.00","USD","-"
"FOXA","FOX CORP CLASS A","Communication","Equity","73,778,968.44","0.02","73,778,968.44","2,494,218.00","29.58","United States","NASDAQ","USD","1.00","USD","-"
"TPR","TAPESTRY INC","Consumer Discretionary","Equity","72,177,640.18","0.02","72,177,640.18","2,279,054.00","31.67","United States","New York Stock Exchange Inc.","USD","1.00","USD","-"
"BBWI","BATH AND BODY WORKS INC","Consumer Discretionary","Equity","72,126,025.10","0.02","72,126,025.10","2,250,422.00","32.05","United States","New York Stock Exchange Inc.","USD","1.00","USD","-"
"GNRC","GENERAC HOLDINGS INC","Industrials","Equity","70,740,726.40","0.02","70,740,726.40","611,944.00","115.60","United States","New York Stock Exchange Inc.","USD","1.00","USD","-"
"CTLT","CATALENT INC","Health Care","Equity","70,123,500.66","0.02","70,123,500.66","1,772,138.00","39.57","United States","New York Stock Exchange Inc.","USD","1.00","USD","-"
"BEN","FRANKLIN RESOURCES INC","Financials","Equity","68,756,836.70","0.02","68,756,836.70","2,796,130.00","24.59","United States","New York Stock Exchange Inc.","USD","1.00","USD","-"
"PARA","PARAMOUNT GLOBAL CLASS B","Communication","Equity","68,320,216.47","0.02","68,320,216.47","4,741,167.00","14.41","United States","NASDAQ","USD","1.00","USD","-"
"FRT","FEDERAL REALTY INVESTMENT TRUST RE","Real Estate","Equity","68,070,461.04","0.02","68,070,461.04","721,697.00","94.32","United States","New York Stock Exchange Inc.","USD","1.00","USD","-"
"XRAY","DENTSPLY SIRONA INC","Health Care","Equity","65,215,306.13","0.02","65,215,306.13","2,081,561.00","31.33","United States","NASDAQ","USD","1.00","USD","-"
"FMC","FMC CORP","Materials","Equity","64,592,370.36","0.02","64,592,370.36","1,226,127.00","52.68","United States","New York Stock Exchange Inc.","USD","1.00","USD","-"
"IVZ","INVESCO LTD","Financials","Equity","62,987,037.96","0.02","62,987,037.96","4,410,857.00","14.28","United States","New York Stock Exchange Inc.","USD","1.00","USD","-"
"BIO","BIO RAD LABORATORIES INC CLASS A","Health Care","Equity","62,555,948.05","0.02","62,555,948.05","205,445.00","304.49","United States","New York Stock Exchange Inc.","USD","1.00","USD","-"
"NCLH","NORWEGIAN CRUISE LINE HOLDINGS LTD","Consumer Discretionary","Equity","61,971,737.47","0.02","61,971,737.47","4,178,809.00","14.83","United States","New York Stock Exchange Inc.","USD","1.00","USD","-"
"HAS","HASBRO INC","Consumer Discretionary","Equity","59,552,325.18","0.02","59,552,325.18","1,282,626.00","46.43","United States","NASDAQ","USD","1.00","USD","-"
"WHR","WHIRLPOOL CORP","Consumer Discretionary","Equity","59,125,761.23","0.02","59,125,761.23","539,321.00","109.63","United States","New York Stock Exchange Inc.","USD","1.00","USD","-"
"CMA","COMERICA INC","Financials","Equity","58,387,661.08","0.02","58,387,661.08","1,295,201.00","45.08","United States","New York Stock Exchange Inc.","USD","1.00","USD","-"
"VFC","VF CORP","Consumer Discretionary","Equity","55,649,031.90","0.01","55,649,031.90","3,248,630.00","17.13","United States","New York Stock Exchange Inc.","USD","1.00","USD","-"
"DVA","DAVITA INC","Health Care","Equity","52,735,227.37","0.01","52,735,227.37","529,417.00","99.61","United States","New York Stock Exchange Inc.","USD","1.00","USD","-"
"ZION","ZIONS BANCORPORATION","Financials","Equity","51,613,717.36","0.01","51,613,717.36","1,456,369.00","35.44","United States","NASDAQ","USD","1.00","USD","-"
"RL","RALPH LAUREN CORP CLASS A","Consumer Discretionary","Equity","51,384,659.70","0.01","51,384,659.70","396,946.00","129.45","United States","New York Stock Exchange Inc.","USD","1.00","USD","-"
"UBFUT","CASH COLLATERAL USD UBFUT","Cash and/or Derivatives","Cash Collateral and Margins","49,314,000.00","0.01","49,314,000.00","49,314,000.00","100.00","United States","-","USD","1.00","USD","Oct 01, 2015"
"SEE","SEALED AIR CORP","Materials","Equity","47,045,816.32","0.01","47,045,816.32","1,418,752.00","33.16","United States","New York Stock Exchange Inc.","USD","1.00","USD","-"
"ALK","ALASKA AIR GROUP INC","Industrials","Equity","46,960,888.24","0.01","46,960,888.24","1,250,956.00","37.54","United States","New York Stock Exchange Inc.","USD","1.00","USD","-"
"MHK","MOHAWK INDUSTRIES INC","Consumer Discretionary","Equity","45,586,550.20","0.01","45,586,550.20","519,209.00","87.80","United States","New York Stock Exchange Inc.","USD","1.00","USD","-"
"SEDG","SOLAREDGE TECHNOLOGIES INC","Information Technology","Equity","43,674,742.60","0.01","43,674,742.60","556,012.00","78.55","United States","NASDAQ","USD","1.00","USD","-"
"FOX","FOX CORP CLASS B","Communication","Equity","36,058,554.87","0.01","36,058,554.87","1,302,223.00","27.69","United States","NASDAQ","USD","1.00","USD","-"
"NWS","NEWS CORP CLASS B","Communication","Equity","26,690,227.20","0.01","26,690,227.20","1,140,608.00","23.40","United States","NASDAQ","USD","1.00","USD","-"
"ESZ3","S&P500 EMINI DEC 23","Cash and/or Derivatives","Futures","0.00","0.00","1,063,217,100.00","4,664.00","4,559.25","-","Index And Options Market","USD","1.00","USD","-"
 